2025-12-24 19:13:25,121 - WARNING - Firebase credentials not found at serviceAccountKey.json
2025-12-24 19:13:25,121 - INFO - Auto-sync started with 300s interval
2025-12-24 19:13:25,122 - INFO - Auto-sync thread started
2025-12-24 19:13:25,170 - INFO - Starting full sync...
2025-12-24 19:13:25,219 - WARNING - Firebase not initialized. Queuing for later sync.
2025-12-24 19:13:25,220 - INFO - Operation queued: backup on products/store_1
2025-12-24 19:13:25,232 - INFO - Operation queued: backup_bills on store_1/bills
2025-12-24 19:13:25,241 - INFO - Operation queued: backup_customers on store_1/customers
2025-12-24 19:13:25,252 - INFO - Operation queued: backup_users on users/all
2025-12-24 19:13:25,262 - INFO - Operation queued: backup_settings on system/settings
2025-12-24 19:13:25,262 - INFO - Full sync completed. 0 queued operations synced.
2025-12-24 19:18:25,306 - INFO - Starting full sync...
2025-12-24 19:18:25,347 - WARNING - Firebase not initialized. Queuing for later sync.
2025-12-24 19:18:25,349 - INFO - Operation queued: backup on products/store_1
2025-12-24 19:18:25,361 - INFO - Operation queued: backup_bills on store_1/bills
2025-12-24 19:18:25,372 - INFO - Operation queued: backup_customers on store_1/customers
2025-12-24 19:18:25,381 - INFO - Operation queued: backup_users on users/all
2025-12-24 19:18:25,391 - INFO - Operation queued: backup_settings on system/settings
2025-12-24 19:18:25,391 - INFO - Full sync completed. 0 queued operations synced.
2025-12-24 19:23:25,434 - INFO - Starting full sync...
2025-12-24 19:23:25,475 - WARNING - Firebase not initialized. Queuing for later sync.
2025-12-24 19:23:25,477 - INFO - Operation queued: backup on products/store_1
2025-12-24 19:23:25,491 - INFO - Operation queued: backup_bills on store_1/bills
2025-12-24 19:23:25,502 - INFO - Operation queued: backup_customers on store_1/customers
2025-12-24 19:23:25,512 - INFO - Operation queued: backup_users on users/all
2025-12-24 19:23:25,523 - INFO - Operation queued: backup_settings on system/settings
2025-12-24 19:23:25,523 - INFO - Full sync completed. 0 queued operations synced.
2025-12-24 19:28:25,566 - INFO - Starting full sync...
2025-12-24 19:28:25,612 - WARNING - Firebase not initialized. Queuing for later sync.
2025-12-24 19:28:25,625 - INFO - Operation queued: backup on products/store_1
2025-12-24 19:28:25,635 - INFO - Operation queued: backup_bills on store_1/bills
2025-12-24 19:28:25,645 - INFO - Operation queued: backup_customers on store_1/customers
2025-12-24 19:28:25,656 - INFO - Operation queued: backup_users on users/all
2025-12-24 19:28:25,666 - INFO - Operation queued: backup_settings on system/settings
2025-12-24 19:28:25,666 - INFO - Full sync completed. 0 queued operations synced.
2025-12-24 19:33:25,706 - INFO - Starting full sync...
2025-12-24 19:33:25,746 - WARNING - Firebase not initialized. Queuing for later sync.
2025-12-24 19:33:25,760 - INFO - Operation queued: backup on products/store_1
2025-12-24 19:33:25,772 - INFO - Operation queued: backup_bills on store_1/bills
2025-12-24 19:33:25,783 - INFO - Operation queued: backup_customers on store_1/customers
2025-12-24 19:33:25,794 - INFO - Operation queued: backup_users on users/all
2025-12-24 19:33:25,804 - INFO - Operation queued: backup_settings on system/settings
2025-12-24 19:33:25,804 - INFO - Full sync completed. 0 queued operations synced.
2025-12-24 19:38:25,850 - INFO - Starting full sync...
2025-12-24 19:38:25,892 - WARNING - Firebase not initialized. Queuing for later sync.
2025-12-24 19:38:25,906 - INFO - Operation queued: backup on products/store_1
2025-12-24 19:38:25,919 - INFO - Operation queued: backup_bills on store_1/bills
2025-12-24 19:38:25,929 - INFO - Operation queued: backup_customers on store_1/customers
2025-12-24 19:38:25,940 - INFO - Operation queued: backup_users on users/all
2025-12-24 19:38:25,950 - INFO - Operation queued: backup_settings on system/settings
2025-12-24 19:38:25,950 - INFO - Full sync completed. 0 queued operations synced.
2025-12-24 19:43:25,990 - INFO - Starting full sync...
2025-12-24 19:43:26,040 - WARNING - Firebase not initialized. Queuing for later sync.
2025-12-24 19:43:26,053 - INFO - Operation queued: backup on products/store_1
2025-12-24 19:43:26,063 - INFO - Operation queued: backup_bills on store_1/bills
2025-12-24 19:43:26,074 - INFO - Operation queued: backup_customers on store_1/customers
2025-12-24 19:43:26,084 - INFO - Operation queued: backup_users on users/all
2025-12-24 19:43:26,095 - INFO - Operation queued: backup_settings on system/settings
2025-12-24 19:43:26,095 - INFO - Full sync completed. 0 queued operations synced.
2025-12-24 19:48:27,391 - INFO - Starting full sync...
2025-12-24 19:48:27,438 - WARNING - Firebase not initialized. Queuing for later sync.
2025-12-24 19:48:27,451 - INFO - Operation queued: backup on products/store_1
2025-12-24 19:48:27,463 - INFO - Operation queued: backup_bills on store_1/bills
2025-12-24 19:48:27,473 - INFO - Operation queued: backup_customers on store_1/customers
2025-12-24 19:48:27,483 - INFO - Operation queued: backup_users on users/all
2025-12-24 19:48:27,496 - INFO - Operation queued: backup_settings on system/settings
2025-12-24 19:48:27,496 - INFO - Full sync completed. 0 queued operations synced.
2025-12-24 19:53:27,536 - INFO - Starting full sync...
2025-12-24 19:53:27,579 - WARNING - Firebase not initialized. Queuing for later sync.
2025-12-24 19:53:27,591 - INFO - Operation queued: backup on products/store_1
2025-12-24 19:53:27,602 - INFO - Operation queued: backup_bills on store_1/bills
2025-12-24 19:53:27,613 - INFO - Operation queued: backup_customers on store_1/customers
2025-12-24 19:53:27,623 - INFO - Operation queued: backup_users on users/all
2025-12-24 19:53:27,634 - INFO - Operation queued: backup_settings on system/settings
2025-12-24 19:53:27,634 - INFO - Full sync completed. 0 queued operations synced.
2025-12-24 19:58:27,674 - INFO - Starting full sync...
2025-12-24 19:58:27,715 - WARNING - Firebase not initialized. Queuing for later sync.
2025-12-24 19:58:27,728 - INFO - Operation queued: backup on products/store_1
2025-12-24 19:58:27,739 - INFO - Operation queued: backup_bills on store_1/bills
2025-12-24 19:58:27,750 - INFO - Operation queued: backup_customers on store_1/customers
2025-12-24 19:58:27,761 - INFO - Operation queued: backup_users on users/all
2025-12-24 19:58:27,772 - INFO - Operation queued: backup_settings on system/settings
2025-12-24 19:58:27,772 - INFO - Full sync completed. 0 queued operations synced.
2025-12-24 20:03:27,812 - INFO - Starting full sync...
2025-12-24 20:03:27,851 - WARNING - Firebase not initialized. Queuing for later sync.
2025-12-24 20:03:27,865 - INFO - Operation queued: backup on products/store_1
2025-12-24 20:03:27,876 - INFO - Operation queued: backup_bills on store_1/bills
2025-12-24 20:03:27,887 - INFO - Operation queued: backup_customers on store_1/customers
2025-12-24 20:03:27,901 - INFO - Operation queued: backup_users on users/all
2025-12-24 20:03:27,912 - INFO - Operation queued: backup_settings on system/settings
2025-12-24 20:03:27,912 - INFO - Full sync completed. 0 queued operations synced.
2025-12-24 20:08:15,464 - INFO - Auto-sync thread stopped
2025-12-24 20:08:15,465 - INFO - Firebase sync shutdown
2025-12-24 20:14:26,920 - INFO - Firebase initialized successfully
2025-12-24 20:14:26,921 - INFO - Auto-sync started with 300s interval
2025-12-24 20:14:26,921 - INFO - Auto-sync thread started
2025-12-24 20:14:26,993 - INFO - Starting full sync...
2025-12-24 20:14:28,356 - INFO - Backed up 4 products for store 1
2025-12-24 20:14:28,714 - INFO - Backed up 63 bills for store 1
2025-12-24 20:14:29,161 - INFO - Backed up 7 customers
2025-12-24 20:14:29,258 - INFO - Backed up 2 users
2025-12-24 20:14:29,348 - INFO - Backed up system settings and stores
2025-12-24 20:14:29,348 - INFO - Synced operation: backup on products/store_1
2025-12-24 20:14:29,348 - INFO - Synced operation: backup_bills on store_1/bills
2025-12-24 20:14:29,349 - INFO - Synced operation: backup_customers on store_1/customers
2025-12-24 20:14:29,349 - INFO - Synced operation: backup_users on users/all
2025-12-24 20:14:29,349 - INFO - Synced operation: backup_settings on system/settings
2025-12-24 20:14:29,349 - INFO - Synced operation: backup on products/store_1
2025-12-24 20:14:29,349 - INFO - Synced operation: backup_bills on store_1/bills
2025-12-24 20:14:29,349 - INFO - Synced operation: backup_customers on store_1/customers
2025-12-24 20:14:29,349 - INFO - Synced operation: backup_users on users/all
2025-12-24 20:14:29,349 - INFO - Synced operation: backup_settings on system/settings
2025-12-24 20:14:29,349 - INFO - Synced operation: backup on products/store_1
2025-12-24 20:14:29,349 - INFO - Synced operation: backup_bills on store_1/bills
2025-12-24 20:14:29,349 - INFO - Synced operation: backup_customers on store_1/customers
2025-12-24 20:14:29,349 - INFO - Synced operation: backup_users on users/all
2025-12-24 20:14:29,349 - INFO - Synced operation: backup_settings on system/settings
2025-12-24 20:14:29,349 - INFO - Synced operation: backup on products/store_1
2025-12-24 20:14:29,349 - INFO - Synced operation: backup_bills on store_1/bills
2025-12-24 20:14:29,349 - INFO - Synced operation: backup_customers on store_1/customers
2025-12-24 20:14:29,349 - INFO - Synced operation: backup_users on users/all
2025-12-24 20:14:29,349 - INFO - Synced operation: backup_settings on system/settings
2025-12-24 20:14:29,349 - INFO - Synced operation: backup on products/store_1
2025-12-24 20:14:29,349 - INFO - Synced operation: backup_bills on store_1/bills
2025-12-24 20:14:29,349 - INFO - Synced operation: backup_customers on store_1/customers
2025-12-24 20:14:29,349 - INFO - Synced operation: backup_users on users/all
2025-12-24 20:14:29,349 - INFO - Synced operation: backup_settings on system/settings
2025-12-24 20:14:29,349 - INFO - Synced operation: backup on products/store_1
2025-12-24 20:14:29,349 - INFO - Synced operation: backup_bills on store_1/bills
2025-12-24 20:14:29,349 - INFO - Synced operation: backup_customers on store_1/customers
2025-12-24 20:14:29,349 - INFO - Synced operation: backup_users on users/all
2025-12-24 20:14:29,349 - INFO - Synced operation: backup_settings on system/settings
2025-12-24 20:14:29,349 - INFO - Synced operation: backup on products/store_1
2025-12-24 20:14:29,350 - INFO - Synced operation: backup_bills on store_1/bills
2025-12-24 20:14:29,350 - INFO - Synced operation: backup_customers on store_1/customers
2025-12-24 20:14:29,350 - INFO - Synced operation: backup_users on users/all
2025-12-24 20:14:29,350 - INFO - Synced operation: backup_settings on system/settings
2025-12-24 20:14:29,350 - INFO - Synced operation: backup on products/store_1
2025-12-24 20:14:29,350 - INFO - Synced operation: backup_bills on store_1/bills
2025-12-24 20:14:29,350 - INFO - Synced operation: backup_customers on store_1/customers
2025-12-24 20:14:29,350 - INFO - Synced operation: backup_users on users/all
2025-12-24 20:14:29,350 - INFO - Synced operation: backup_settings on system/settings
2025-12-24 20:14:29,350 - INFO - Synced operation: backup on products/store_1
2025-12-24 20:14:29,350 - INFO - Synced operation: backup_bills on store_1/bills
2025-12-24 20:14:29,350 - INFO - Synced operation: backup_customers on store_1/customers
2025-12-24 20:14:29,350 - INFO - Synced operation: backup_users on users/all
2025-12-24 20:14:29,350 - INFO - Synced operation: backup_settings on system/settings
2025-12-24 20:14:29,350 - INFO - Synced operation: backup on products/store_1
2025-12-24 20:14:29,350 - INFO - Synced operation: backup_bills on store_1/bills
2025-12-24 20:14:29,350 - INFO - Synced operation: backup_customers on store_1/customers
2025-12-24 20:14:29,350 - INFO - Synced operation: backup_users on users/all
2025-12-24 20:14:29,350 - INFO - Synced operation: backup_settings on system/settings
2025-12-24 20:14:29,350 - INFO - Synced operation: backup on products/store_1
2025-12-24 20:14:29,350 - INFO - Synced operation: backup_bills on store_1/bills
2025-12-24 20:14:29,350 - INFO - Synced operation: backup_customers on store_1/customers
2025-12-24 20:14:29,350 - INFO - Synced operation: backup_users on users/all
2025-12-24 20:14:29,350 - INFO - Synced operation: backup_settings on system/settings
2025-12-24 20:14:29,351 - INFO - Synced 55 operations from offline queue
2025-12-24 20:14:29,351 - INFO - Full sync completed. 55 queued operations synced.
2025-12-24 20:18:05,424 - INFO - Auto-sync thread stopped
2025-12-24 20:18:05,425 - INFO - Firebase sync shutdown
2025-12-25 11:33:46,141 - INFO - Firebase initialized successfully
2025-12-25 11:33:46,219 - ERROR - Firebase initialization failed: The default Firebase app already exists. This means you called initialize_app() more than once without providing an app name as the second argument. In most cases you only need to call initialize_app() once. But if you do want to initialize multiple apps, pass a second argument to initialize_app() to give each app a unique name.
2025-12-25 11:33:46,270 - ERROR - Firebase initialization failed: The default Firebase app already exists. This means you called initialize_app() more than once without providing an app name as the second argument. In most cases you only need to call initialize_app() once. But if you do want to initialize multiple apps, pass a second argument to initialize_app() to give each app a unique name.
2025-12-25 11:34:15,770 - INFO - Firebase initialized successfully
2025-12-25 11:34:15,809 - INFO - Firebase already initialized, using existing connection
2025-12-25 11:34:17,556 - INFO - Firebase already initialized, using existing connection
2025-12-25 11:34:17,556 - INFO - Starting automatic data restoration from Firebase...
2025-12-25 11:34:17,673 - INFO - Restored products from Firebase
2025-12-25 11:34:17,788 - INFO - Restored 4 products to database
2025-12-25 11:34:18,003 - INFO - Restored bills from Firebase
2025-12-25 11:34:18,006 - INFO - Restored 0 bills with items to database
2025-12-25 11:34:18,118 - INFO - Restored customers from Firebase
2025-12-25 11:34:18,119 - INFO - Restored 0 customers to database
2025-12-25 11:34:18,258 - INFO - Restored 8 settings to database
2025-12-25 11:34:18,364 - INFO - No GST configuration to restore
2025-12-25 11:34:18,364 - INFO - Auto-restore completed: {'products': True, 'bills': False, 'customers': False, 'settings': True, 'gst_config': False}
2025-12-25 11:38:50,036 - INFO - Firebase initialized successfully
2025-12-25 11:38:50,036 - INFO - Auto-sync started with 300s interval
2025-12-25 11:38:50,036 - INFO - Auto-sync thread started
2025-12-25 11:38:50,037 - INFO - Starting automatic data restoration from Firebase...
2025-12-25 11:38:53,042 - INFO - Internet unavailable. Checking offline queue...
2025-12-25 11:39:36,273 - INFO - Restored products from Firebase
2025-12-25 11:39:36,278 - INFO - Restored 4 products to database
2025-12-25 11:39:36,511 - INFO - Restored bills from Firebase
2025-12-25 11:39:36,515 - INFO - Restored 0 bills with items to database
2025-12-25 11:39:36,642 - INFO - Restored customers from Firebase
2025-12-25 11:39:36,643 - INFO - Restored 0 customers to database
2025-12-25 11:39:36,763 - INFO - Restored 8 settings to database
2025-12-25 11:39:36,891 - INFO - No GST configuration to restore
2025-12-25 11:39:36,891 - INFO - Auto-restore completed: {'products': True, 'bills': False, 'customers': False, 'settings': True, 'gst_config': False}
2025-12-25 11:41:57,655 - INFO - Auto-sync thread stopped
2025-12-25 11:41:57,656 - INFO - Firebase sync shutdown
2025-12-25 11:54:10,567 - INFO - Firebase initialized successfully
2025-12-25 11:54:10,567 - INFO - Auto-sync started with 300s interval
2025-12-25 11:54:10,568 - INFO - Auto-sync thread started
2025-12-25 11:54:10,568 - INFO - Starting automatic data restoration from Firebase...
2025-12-25 11:54:10,604 - INFO - Starting full sync...
2025-12-25 11:54:12,567 - INFO - Restored products from Firebase
2025-12-25 11:54:12,573 - INFO - Restored 4 products to database
2025-12-25 11:54:12,927 - INFO - Backed up 3 products for store 1
2025-12-25 11:54:13,051 - INFO - Restored bills from Firebase
2025-12-25 11:54:13,054 - INFO - Restored 0 bills with items to database
2025-12-25 11:54:13,206 - INFO - Restored customers from Firebase
2025-12-25 11:54:13,207 - INFO - Restored 0 customers to database
2025-12-25 11:54:13,237 - INFO - Backed up 63 bills for store 1
2025-12-25 11:54:13,335 - INFO - Restored 8 settings to database
2025-12-25 11:54:13,434 - INFO - Backed up 7 customers
2025-12-25 11:54:13,493 - INFO - No GST configuration to restore
2025-12-25 11:54:13,493 - INFO - Auto-restore completed: {'products': True, 'bills': False, 'customers': False, 'settings': True, 'gst_config': False}
2025-12-25 11:54:13,606 - INFO - Backed up 2 users
2025-12-25 11:54:13,728 - INFO - Backed up system settings and stores
2025-12-25 11:54:13,861 - INFO - Backed up 20 GST configurations
2025-12-25 11:54:13,862 - INFO - Full sync completed. 0 queued operations synced.
2025-12-25 11:54:40,135 - INFO - Auto-sync thread stopped
2025-12-25 11:54:40,136 - INFO - Firebase sync shutdown
2025-12-25 12:45:56,511 - INFO - Firebase initialized successfully
2025-12-25 12:45:58,994 - ERROR - Error listing/downloading blobs for prefix stores/1/: 404 GET https://storage.googleapis.com/storage/v1/b/hype-retail-billing-softwaer.appspot.com/o?projection=noAcl&prefix=stores%2F1%2F&prettyPrint=false: The specified bucket does not exist.
2025-12-25 12:45:59,750 - ERROR - Error listing/downloading blobs for prefix stores/1/pdfs/: 404 GET https://storage.googleapis.com/storage/v1/b/hype-retail-billing-softwaer.appspot.com/o?projection=noAcl&prefix=stores%2F1%2Fpdfs%2F&prettyPrint=false: The specified bucket does not exist.
2025-12-25 12:46:00,430 - ERROR - Error listing/downloading blobs for prefix pdfs/: 404 GET https://storage.googleapis.com/storage/v1/b/hype-retail-billing-softwaer.appspot.com/o?projection=noAcl&prefix=pdfs%2F&prettyPrint=false: The specified bucket does not exist.
2025-12-25 12:46:01,089 - ERROR - Error listing/downloading blobs for prefix bills/: 404 GET https://storage.googleapis.com/storage/v1/b/hype-retail-billing-softwaer.appspot.com/o?projection=noAcl&prefix=bills%2F&prettyPrint=false: The specified bucket does not exist.
2025-12-25 12:46:01,842 - ERROR - Error listing/downloading blobs for prefix stores/1/attachments/: 404 GET https://storage.googleapis.com/storage/v1/b/hype-retail-billing-softwaer.appspot.com/o?projection=noAcl&prefix=stores%2F1%2Fattachments%2F&prettyPrint=false: The specified bucket does not exist.
2025-12-25 12:46:01,842 - INFO - Downloaded 0 files from storage for store 1
2025-12-25 12:50:55,702 - INFO - Firebase initialized successfully
2025-12-25 12:50:55,702 - INFO - Auto-sync started with 300s interval
2025-12-25 12:50:55,702 - INFO - Auto-sync thread started
2025-12-25 12:50:55,704 - INFO - Starting automatic data restoration from Firebase...
2025-12-25 12:50:55,777 - INFO - Starting full sync...
2025-12-25 12:50:55,882 - INFO - Local DB appears empty — attempting auto-restore from Firebase before backup
2025-12-25 12:50:55,882 - INFO - Starting automatic data restoration from Firebase...
2025-12-25 12:50:57,186 - INFO - Restored products from Firebase
2025-12-25 12:50:57,186 - INFO - Restored products from Firebase
2025-12-25 12:50:57,191 - INFO - Restored 3 products to database
2025-12-25 12:50:57,196 - INFO - Restored 3 products to database
2025-12-25 12:50:57,639 - INFO - Restored bills from Firebase
2025-12-25 12:50:57,641 - ERROR - Error restoring bills to database: table bills has no column named employee_id
2025-12-25 12:50:57,729 - INFO - Restored bills from Firebase
2025-12-25 12:50:57,730 - ERROR - Error restoring bills to database: table bills has no column named employee_id
2025-12-25 12:50:57,789 - INFO - Restored customers from Firebase
2025-12-25 12:50:57,790 - ERROR - Error restoring customers to database: table customers has no column named customer_name
2025-12-25 12:50:57,897 - INFO - Restored customers from Firebase
2025-12-25 12:50:57,897 - ERROR - Error restoring customers to database: table customers has no column named customer_name
2025-12-25 12:50:58,886 - ERROR - Error restoring settings to database: UNIQUE constraint failed: stores.store_name
2025-12-25 12:51:04,263 - ERROR - Error restoring settings to database: database is locked
2025-12-25 12:51:22,760 - ERROR - Error restoring GST config to database: database is locked
2025-12-25 12:51:22,760 - ERROR - Error restoring GST config to database: database is locked
2025-12-25 12:51:28,029 - ERROR - Error listing/downloading blobs for prefix stores/1/: 404 GET https://storage.googleapis.com/storage/v1/b/hype-retail-billing-softwaer.appspot.com/o?projection=noAcl&prefix=stores%2F1%2F&prettyPrint=false: The specified bucket does not exist.
2025-12-25 12:51:28,029 - ERROR - Error listing/downloading blobs for prefix stores/1/: 404 GET https://storage.googleapis.com/storage/v1/b/hype-retail-billing-softwaer.appspot.com/o?projection=noAcl&prefix=stores%2F1%2F&prettyPrint=false: The specified bucket does not exist.
2025-12-25 12:51:29,729 - ERROR - Error listing/downloading blobs for prefix stores/1/pdfs/: 404 GET https://storage.googleapis.com/storage/v1/b/hype-retail-billing-softwaer.appspot.com/o?projection=noAcl&prefix=stores%2F1%2Fpdfs%2F&prettyPrint=false: The specified bucket does not exist.
2025-12-25 12:51:29,730 - ERROR - Error listing/downloading blobs for prefix stores/1/pdfs/: 404 GET https://storage.googleapis.com/storage/v1/b/hype-retail-billing-softwaer.appspot.com/o?projection=noAcl&prefix=stores%2F1%2Fpdfs%2F&prettyPrint=false: The specified bucket does not exist.
2025-12-25 12:51:30,625 - ERROR - Error listing/downloading blobs for prefix pdfs/: 404 GET https://storage.googleapis.com/storage/v1/b/hype-retail-billing-softwaer.appspot.com/o?projection=noAcl&prefix=pdfs%2F&prettyPrint=false: The specified bucket does not exist.
2025-12-25 12:51:30,626 - ERROR - Error listing/downloading blobs for prefix pdfs/: 404 GET https://storage.googleapis.com/storage/v1/b/hype-retail-billing-softwaer.appspot.com/o?projection=noAcl&prefix=pdfs%2F&prettyPrint=false: The specified bucket does not exist.
2025-12-25 12:51:31,709 - ERROR - Error listing/downloading blobs for prefix bills/: 404 GET https://storage.googleapis.com/storage/v1/b/hype-retail-billing-softwaer.appspot.com/o?projection=noAcl&prefix=bills%2F&prettyPrint=false: The specified bucket does not exist.
2025-12-25 12:51:31,829 - ERROR - Error listing/downloading blobs for prefix bills/: 404 GET https://storage.googleapis.com/storage/v1/b/hype-retail-billing-softwaer.appspot.com/o?projection=noAcl&prefix=bills%2F&prettyPrint=false: The specified bucket does not exist.
2025-12-25 12:51:32,395 - ERROR - Error listing/downloading blobs for prefix stores/1/attachments/: 404 GET https://storage.googleapis.com/storage/v1/b/hype-retail-billing-softwaer.appspot.com/o?projection=noAcl&prefix=stores%2F1%2Fattachments%2F&prettyPrint=false: The specified bucket does not exist.
2025-12-25 12:51:32,395 - INFO - Downloaded 0 files from storage for store 1
2025-12-25 12:51:32,395 - INFO - Auto-restore completed: {'products': True, 'bills': False, 'customers': False, 'settings': False, 'gst_config': False, 'storage': False}
2025-12-25 12:51:32,396 - ERROR - Error listing/downloading blobs for prefix stores/1/attachments/: 404 GET https://storage.googleapis.com/storage/v1/b/hype-retail-billing-softwaer.appspot.com/o?projection=noAcl&prefix=stores%2F1%2Fattachments%2F&prettyPrint=false: The specified bucket does not exist.
2025-12-25 12:51:32,396 - INFO - Downloaded 0 files from storage for store 1
2025-12-25 12:51:32,396 - INFO - Auto-restore completed: {'products': True, 'bills': False, 'customers': False, 'settings': False, 'gst_config': False, 'storage': False}
2025-12-25 12:51:32,396 - INFO - Pruned 0 local bills older than 2025-07-18T12:51:32.395645
2025-12-25 12:51:32,949 - INFO - Pruned 0 cloud bills older than 2025-08-27T12:51:32.395645
2025-12-25 12:51:32,949 - INFO - Prune results: {'local_deleted': 0, 'cloud_deleted': 0}
2025-12-25 12:51:33,144 - INFO - Backed up 3 products for store 1
2025-12-25 12:51:33,355 - INFO - Backed up 0 bills for store 1
2025-12-25 12:51:33,515 - INFO - Backed up 0 customers
2025-12-25 12:51:33,666 - INFO - Backed up 1 users
2025-12-25 12:51:33,872 - INFO - Backed up system settings and stores
2025-12-25 12:51:34,025 - INFO - Backed up 20 GST configurations
2025-12-25 12:51:34,026 - INFO - Full sync completed. 0 queued operations synced.
2025-12-25 12:54:33,317 - INFO - Auto-sync thread stopped
2025-12-25 12:54:33,318 - INFO - Firebase sync shutdown
2025-12-25 12:56:19,365 - INFO - Firebase initialized successfully
2025-12-25 12:56:19,366 - INFO - Auto-sync started with 300s interval
2025-12-25 12:56:19,366 - INFO - Auto-sync thread started
2025-12-25 12:56:19,366 - INFO - Starting automatic data restoration from Firebase...
2025-12-25 12:56:19,403 - INFO - Starting full sync...
2025-12-25 12:56:19,441 - INFO - Pruned 0 local bills older than 2025-07-18T12:56:19.440557
2025-12-25 12:56:20,532 - INFO - Pruned 0 cloud bills older than 2025-08-27T12:56:19.440557
2025-12-25 12:56:20,533 - INFO - Prune results: {'local_deleted': 0, 'cloud_deleted': 0}
2025-12-25 12:56:20,549 - INFO - Restored products from Firebase
2025-12-25 12:56:20,557 - INFO - Restored 3 products to database
2025-12-25 12:56:20,671 - INFO - Backed up 3 products for store 1
2025-12-25 12:56:20,727 - INFO - Restored bills from Firebase
2025-12-25 12:56:20,727 - INFO - No bills to restore
2025-12-25 12:56:20,788 - INFO - Backed up 0 bills for store 1
2025-12-25 12:56:20,901 - INFO - Restored customers from Firebase
2025-12-25 12:56:20,901 - INFO - No customers to restore
2025-12-25 12:56:20,946 - INFO - Backed up 0 customers
2025-12-25 12:56:21,122 - INFO - Backed up 1 users
2025-12-25 12:56:21,152 - INFO - Restored 20 GST configurations to database
2025-12-25 12:56:21,237 - INFO - Backed up system settings and stores
2025-12-25 12:56:21,359 - INFO - Backed up 20 GST configurations
2025-12-25 12:56:21,360 - INFO - Full sync completed. 0 queued operations synced.
2025-12-25 12:56:23,015 - ERROR - Error listing/downloading blobs for prefix stores/1/: 404 GET https://storage.googleapis.com/storage/v1/b/hype-retail-billing-softwaer.appspot.com/o?projection=noAcl&prefix=stores%2F1%2F&prettyPrint=false: The specified bucket does not exist.
2025-12-25 12:56:23,766 - ERROR - Error listing/downloading blobs for prefix stores/1/pdfs/: 404 GET https://storage.googleapis.com/storage/v1/b/hype-retail-billing-softwaer.appspot.com/o?projection=noAcl&prefix=stores%2F1%2Fpdfs%2F&prettyPrint=false: The specified bucket does not exist.
2025-12-25 12:56:24,300 - ERROR - Error listing/downloading blobs for prefix pdfs/: 404 GET https://storage.googleapis.com/storage/v1/b/hype-retail-billing-softwaer.appspot.com/o?projection=noAcl&prefix=pdfs%2F&prettyPrint=false: The specified bucket does not exist.
2025-12-25 12:56:25,063 - ERROR - Error listing/downloading blobs for prefix bills/: 404 GET https://storage.googleapis.com/storage/v1/b/hype-retail-billing-softwaer.appspot.com/o?projection=noAcl&prefix=bills%2F&prettyPrint=false: The specified bucket does not exist.
2025-12-25 12:56:25,771 - ERROR - Error listing/downloading blobs for prefix stores/1/attachments/: 404 GET https://storage.googleapis.com/storage/v1/b/hype-retail-billing-softwaer.appspot.com/o?projection=noAcl&prefix=stores%2F1%2Fattachments%2F&prettyPrint=false: The specified bucket does not exist.
2025-12-25 12:56:25,772 - INFO - Downloaded 0 files from storage for store 1
2025-12-25 12:56:25,772 - INFO - Auto-restore completed: {'products': True, 'bills': False, 'customers': False, 'settings': False, 'gst_config': True, 'storage': False}
2025-12-25 12:59:02,878 - INFO - Auto-sync thread stopped
2025-12-25 12:59:02,878 - INFO - Firebase sync shutdown
2025-12-25 13:00:34,020 - INFO - Firebase initialized successfully
2025-12-25 13:00:34,020 - INFO - Auto-sync started with 300s interval
2025-12-25 13:00:34,021 - INFO - Auto-sync thread started
2025-12-25 13:00:34,021 - INFO - Starting automatic data restoration from Firebase...
2025-12-25 13:00:34,057 - INFO - Starting full sync...
2025-12-25 13:00:34,240 - INFO - Pruned 0 local bills older than 2025-07-18T13:00:34.240025
2025-12-25 13:00:35,302 - INFO - Pruned 0 cloud bills older than 2025-08-27T13:00:34.240025
2025-12-25 13:00:35,302 - INFO - Prune results: {'local_deleted': 0, 'cloud_deleted': 0}
2025-12-25 13:00:35,325 - INFO - Restored products from Firebase
2025-12-25 13:00:35,331 - INFO - Restored 3 products to database
2025-12-25 13:00:35,461 - INFO - Backed up 3 products for store 1
2025-12-25 13:00:35,539 - INFO - Restored bills from Firebase
2025-12-25 13:00:35,539 - INFO - No bills to restore
2025-12-25 13:00:35,610 - INFO - Backed up 0 bills for store 1
2025-12-25 13:00:35,686 - INFO - Restored customers from Firebase
2025-12-25 13:00:35,686 - INFO - No customers to restore
2025-12-25 13:00:35,781 - INFO - Backed up 0 customers
2025-12-25 13:00:36,604 - INFO - Restored 0 settings to database
2025-12-25 13:00:36,675 - INFO - Backed up 1 users
2025-12-25 13:00:38,051 - INFO - Backed up system settings and stores
2025-12-25 13:00:38,051 - INFO - Restored 20 GST configurations to database
2025-12-25 13:00:38,388 - WARNING - Failed restoring user admin: NOT NULL constraint failed: users.password
2025-12-25 13:00:38,388 - INFO - Restored 0 users to database
2025-12-25 13:00:38,481 - INFO - Backed up 20 GST configurations
2025-12-25 13:00:38,483 - INFO - Full sync completed. 0 queued operations synced.
2025-12-25 13:00:40,964 - ERROR - Error listing/downloading blobs for prefix stores/1/: 404 GET https://storage.googleapis.com/storage/v1/b/hype-retail-billing-softwaer.appspot.com/o?projection=noAcl&prefix=stores%2F1%2F&prettyPrint=false: The specified bucket does not exist.
2025-12-25 13:00:41,640 - ERROR - Error listing/downloading blobs for prefix stores/1/pdfs/: 404 GET https://storage.googleapis.com/storage/v1/b/hype-retail-billing-softwaer.appspot.com/o?projection=noAcl&prefix=stores%2F1%2Fpdfs%2F&prettyPrint=false: The specified bucket does not exist.
2025-12-25 13:00:42,304 - ERROR - Error listing/downloading blobs for prefix pdfs/: 404 GET https://storage.googleapis.com/storage/v1/b/hype-retail-billing-softwaer.appspot.com/o?projection=noAcl&prefix=pdfs%2F&prettyPrint=false: The specified bucket does not exist.
2025-12-25 13:00:42,856 - ERROR - Error listing/downloading blobs for prefix bills/: 404 GET https://storage.googleapis.com/storage/v1/b/hype-retail-billing-softwaer.appspot.com/o?projection=noAcl&prefix=bills%2F&prettyPrint=false: The specified bucket does not exist.
2025-12-25 13:00:43,593 - ERROR - Error listing/downloading blobs for prefix stores/1/attachments/: 404 GET https://storage.googleapis.com/storage/v1/b/hype-retail-billing-softwaer.appspot.com/o?projection=noAcl&prefix=stores%2F1%2Fattachments%2F&prettyPrint=false: The specified bucket does not exist.
2025-12-25 13:00:43,593 - INFO - Downloaded 0 files from storage for store 1
2025-12-25 13:00:43,593 - INFO - Auto-restore completed: {'products': True, 'bills': False, 'customers': False, 'settings': True, 'gst_config': True, 'users': False, 'storage': False}
2025-12-25 13:01:11,103 - INFO - Backed up 3 products for store 1
2025-12-25 13:01:19,176 - INFO - Backed up 3 products for store 1
2025-12-25 13:01:49,148 - INFO - Backed up 3 products for store 1
2025-12-25 13:01:49,265 - INFO - Backed up 1 bills for store 1
2025-12-25 13:05:38,545 - INFO - Starting full sync...
2025-12-25 13:05:38,584 - INFO - Pruned 0 local bills older than 2025-07-18T13:05:38.583464
2025-12-25 13:05:38,818 - INFO - Pruned 0 cloud bills older than 2025-08-27T13:05:38.583464
2025-12-25 13:05:38,818 - INFO - Prune results: {'local_deleted': 0, 'cloud_deleted': 0}
2025-12-25 13:05:38,979 - INFO - Backed up 3 products for store 1
2025-12-25 13:05:39,112 - INFO - Backed up 1 bills for store 1
2025-12-25 13:05:39,246 - INFO - Backed up 1 customers
2025-12-25 13:05:39,368 - INFO - Backed up 1 users
2025-12-25 13:05:39,502 - INFO - Backed up system settings and stores
2025-12-25 13:05:39,635 - INFO - Backed up 20 GST configurations
2025-12-25 13:05:39,637 - INFO - Full sync completed. 0 queued operations synced.
2025-12-25 13:07:20,428 - INFO - Auto-sync thread stopped
2025-12-25 13:07:20,428 - INFO - Firebase sync shutdown
2025-12-25 13:08:08,978 - INFO - Firebase initialized successfully
2025-12-25 13:08:08,978 - INFO - Auto-sync started with 300s interval
2025-12-25 13:08:08,979 - INFO - Auto-sync thread started
2025-12-25 13:08:08,979 - INFO - Starting automatic data restoration from Firebase...
2025-12-25 13:08:09,015 - INFO - Starting full sync...
2025-12-25 13:08:09,053 - INFO - Pruned 0 local bills older than 2025-07-18T13:08:09.052987
2025-12-25 13:08:10,892 - INFO - Pruned 0 cloud bills older than 2025-08-27T13:08:09.052987
2025-12-25 13:08:10,892 - INFO - Prune results: {'local_deleted': 0, 'cloud_deleted': 0}
2025-12-25 13:08:10,892 - INFO - Restored products from Firebase
2025-12-25 13:08:10,899 - INFO - Restored 3 products to database
2025-12-25 13:08:11,017 - INFO - Backed up 3 products for store 1
2025-12-25 13:08:11,116 - INFO - Restored bills from Firebase
2025-12-25 13:08:11,117 - INFO - Restored 0 bills with items to database
2025-12-25 13:08:11,133 - INFO - Backed up 1 bills for store 1
2025-12-25 13:08:11,236 - INFO - Restored customers from Firebase
2025-12-25 13:08:11,236 - INFO - Restored 0 customers to database
2025-12-25 13:08:11,321 - INFO - Backed up 1 customers
2025-12-25 13:08:11,389 - WARNING - Failed restoring store {'owner_name': 'Admin', 'created_at': '2025-12-25 07:20:48', 'email': None, 'phone': '1234567890', 'store_name': 'Default Store', 'store_id': 1, 'address': 'Main Street'}: UNIQUE constraint failed: stores.store_name
2025-12-25 13:08:11,393 - INFO - Restored 8 settings to database
2025-12-25 13:08:11,446 - INFO - Backed up 1 users
2025-12-25 13:08:11,523 - INFO - Restored 20 GST configurations to database
2025-12-25 13:08:11,555 - INFO - Backed up system settings and stores
2025-12-25 13:08:11,626 - WARNING - Failed restoring user admin: NOT NULL constraint failed: users.password
2025-12-25 13:08:11,626 - INFO - Restored 0 users to database
2025-12-25 13:08:11,670 - INFO - Backed up 20 GST configurations
2025-12-25 13:08:11,672 - INFO - Full sync completed. 0 queued operations synced.
2025-12-25 13:08:13,852 - ERROR - Error listing/downloading blobs for prefix stores/1/: 404 GET https://storage.googleapis.com/storage/v1/b/hype-retail-billing-softwaer.appspot.com/o?projection=noAcl&prefix=stores%2F1%2F&prettyPrint=false: The specified bucket does not exist.
2025-12-25 13:08:14,493 - ERROR - Error listing/downloading blobs for prefix stores/1/pdfs/: 404 GET https://storage.googleapis.com/storage/v1/b/hype-retail-billing-softwaer.appspot.com/o?projection=noAcl&prefix=stores%2F1%2Fpdfs%2F&prettyPrint=false: The specified bucket does not exist.
2025-12-25 13:08:15,123 - ERROR - Error listing/downloading blobs for prefix pdfs/: 404 GET https://storage.googleapis.com/storage/v1/b/hype-retail-billing-softwaer.appspot.com/o?projection=noAcl&prefix=pdfs%2F&prettyPrint=false: The specified bucket does not exist.
2025-12-25 13:08:15,672 - ERROR - Error listing/downloading blobs for prefix bills/: 404 GET https://storage.googleapis.com/storage/v1/b/hype-retail-billing-softwaer.appspot.com/o?projection=noAcl&prefix=bills%2F&prettyPrint=false: The specified bucket does not exist.
2025-12-25 13:08:16,325 - ERROR - Error listing/downloading blobs for prefix stores/1/attachments/: 404 GET https://storage.googleapis.com/storage/v1/b/hype-retail-billing-softwaer.appspot.com/o?projection=noAcl&prefix=stores%2F1%2Fattachments%2F&prettyPrint=false: The specified bucket does not exist.
2025-12-25 13:08:16,325 - INFO - Downloaded 0 files from storage for store 1
2025-12-25 13:08:16,325 - INFO - Auto-restore completed: {'products': True, 'bills': False, 'customers': False, 'settings': True, 'gst_config': True, 'users': False, 'storage': False}
2025-12-25 13:11:20,127 - INFO - Auto-sync thread stopped
2025-12-25 13:11:20,127 - INFO - Firebase sync shutdown
2025-12-25 13:11:32,447 - INFO - Firebase initialized successfully
2025-12-25 13:11:32,448 - INFO - Auto-sync started with 300s interval
2025-12-25 13:11:32,448 - INFO - Auto-sync thread started
2025-12-25 13:11:32,449 - INFO - Starting automatic data restoration from Firebase...
2025-12-25 13:11:32,485 - INFO - Starting full sync...
2025-12-25 13:11:32,522 - INFO - Pruned 0 local bills older than 2025-07-18T13:11:32.521880
2025-12-25 13:11:33,613 - INFO - Restored products from Firebase
2025-12-25 13:11:33,618 - INFO - Restored 3 products to database
2025-12-25 13:11:33,631 - INFO - Pruned 0 cloud bills older than 2025-08-27T13:11:32.521880
2025-12-25 13:11:33,632 - INFO - Prune results: {'local_deleted': 0, 'cloud_deleted': 0}
2025-12-25 13:11:33,717 - INFO - Restored bills from Firebase
2025-12-25 13:11:33,718 - INFO - Restored 0 bills with items to database
2025-12-25 13:11:33,839 - INFO - Backed up 3 products for store 1
2025-12-25 13:11:33,871 - INFO - Restored customers from Firebase
2025-12-25 13:11:33,872 - INFO - Restored 0 customers to database
2025-12-25 13:11:33,962 - INFO - Backed up 1 bills for store 1
2025-12-25 13:11:34,024 - INFO - Restored 8 settings to database
2025-12-25 13:11:34,085 - INFO - Backed up 1 customers
2025-12-25 13:11:34,183 - INFO - Restored 20 GST configurations to database
2025-12-25 13:11:34,244 - INFO - Backed up 1 users
2025-12-25 13:11:34,272 - WARNING - Failed restoring user admin: NOT NULL constraint failed: users.password
2025-12-25 13:11:34,272 - INFO - Restored 0 users to database
2025-12-25 13:11:34,361 - INFO - Backed up system settings and stores
2025-12-25 13:11:34,469 - INFO - Backed up 20 GST configurations
2025-12-25 13:11:34,470 - INFO - Full sync completed. 0 queued operations synced.
2025-12-25 13:11:36,076 - ERROR - Error listing/downloading blobs for prefix stores/1/: 404 GET https://storage.googleapis.com/storage/v1/b/hype-retail-billing-softwaer.appspot.com/o?projection=noAcl&prefix=stores%2F1%2F&prettyPrint=false: The specified bucket does not exist.
2025-12-25 13:11:36,572 - ERROR - Error listing/downloading blobs for prefix stores/1/pdfs/: 404 GET https://storage.googleapis.com/storage/v1/b/hype-retail-billing-softwaer.appspot.com/o?projection=noAcl&prefix=stores%2F1%2Fpdfs%2F&prettyPrint=false: The specified bucket does not exist.
2025-12-25 13:11:37,066 - ERROR - Error listing/downloading blobs for prefix pdfs/: 404 GET https://storage.googleapis.com/storage/v1/b/hype-retail-billing-softwaer.appspot.com/o?projection=noAcl&prefix=pdfs%2F&prettyPrint=false: The specified bucket does not exist.
2025-12-25 13:11:37,689 - ERROR - Error listing/downloading blobs for prefix bills/: 404 GET https://storage.googleapis.com/storage/v1/b/hype-retail-billing-softwaer.appspot.com/o?projection=noAcl&prefix=bills%2F&prettyPrint=false: The specified bucket does not exist.
2025-12-25 13:11:38,193 - ERROR - Error listing/downloading blobs for prefix stores/1/attachments/: 404 GET https://storage.googleapis.com/storage/v1/b/hype-retail-billing-softwaer.appspot.com/o?projection=noAcl&prefix=stores%2F1%2Fattachments%2F&prettyPrint=false: The specified bucket does not exist.
2025-12-25 13:11:38,193 - INFO - Downloaded 0 files from storage for store 1
2025-12-25 13:11:38,193 - INFO - Auto-restore completed: {'products': True, 'bills': False, 'customers': False, 'settings': True, 'gst_config': True, 'users': False, 'storage': False}
2025-12-25 13:12:11,233 - INFO - Auto-sync thread stopped
2025-12-25 13:12:11,233 - INFO - Firebase sync shutdown
2025-12-25 14:09:28,150 - INFO - Firebase initialized successfully
2025-12-25 14:09:28,150 - INFO - Auto-sync started with 300s interval
2025-12-25 14:09:28,150 - INFO - Auto-sync thread started
2025-12-25 14:09:28,151 - INFO - Starting automatic data restoration from Firebase...
2025-12-25 14:09:28,489 - INFO - Starting full sync...
2025-12-25 14:09:28,526 - INFO - Pruned 0 local bills older than 2025-07-18T14:09:28.525689
2025-12-25 14:09:29,829 - INFO - Restored products from Firebase
2025-12-25 14:09:29,836 - INFO - Pruned 0 cloud bills older than 2025-08-27T14:09:28.525689
2025-12-25 14:09:29,836 - INFO - Restored 3 products to database
2025-12-25 14:09:29,836 - INFO - Prune results: {'local_deleted': 0, 'cloud_deleted': 0}
2025-12-25 14:09:29,952 - INFO - Restored bills from Firebase
2025-12-25 14:09:29,953 - INFO - Restored 0 bills with items to database
2025-12-25 14:09:30,091 - INFO - Backed up 3 products for store 1
2025-12-25 14:09:30,098 - INFO - Restored customers from Firebase
2025-12-25 14:09:30,099 - INFO - Restored 0 customers to database
2025-12-25 14:09:30,236 - INFO - Backed up 1 bills for store 1
2025-12-25 14:09:30,285 - INFO - Restored 8 settings to database
2025-12-25 14:09:30,359 - INFO - Backed up 1 customers
2025-12-25 14:09:30,492 - INFO - Restored 20 GST configurations to database
2025-12-25 14:09:30,494 - INFO - Backed up 1 users
2025-12-25 14:09:30,594 - WARNING - Failed restoring user admin: NOT NULL constraint failed: users.password
2025-12-25 14:09:30,594 - INFO - Restored 0 users to database
2025-12-25 14:09:30,632 - INFO - Backed up system settings and stores
2025-12-25 14:09:30,742 - INFO - Backed up 20 GST configurations
2025-12-25 14:09:30,743 - INFO - Full sync completed. 0 queued operations synced.
2025-12-25 14:09:32,451 - ERROR - Error listing/downloading blobs for prefix stores/1/: 404 GET https://storage.googleapis.com/storage/v1/b/hype-retail-billing-softwaer.appspot.com/o?projection=noAcl&prefix=stores%2F1%2F&prettyPrint=false: The specified bucket does not exist.
2025-12-25 14:09:33,029 - ERROR - Error listing/downloading blobs for prefix stores/1/pdfs/: 404 GET https://storage.googleapis.com/storage/v1/b/hype-retail-billing-softwaer.appspot.com/o?projection=noAcl&prefix=stores%2F1%2Fpdfs%2F&prettyPrint=false: The specified bucket does not exist.
2025-12-25 14:09:33,622 - ERROR - Error listing/downloading blobs for prefix pdfs/: 404 GET https://storage.googleapis.com/storage/v1/b/hype-retail-billing-softwaer.appspot.com/o?projection=noAcl&prefix=pdfs%2F&prettyPrint=false: The specified bucket does not exist.
2025-12-25 14:09:34,367 - ERROR - Error listing/downloading blobs for prefix bills/: 404 GET https://storage.googleapis.com/storage/v1/b/hype-retail-billing-softwaer.appspot.com/o?projection=noAcl&prefix=bills%2F&prettyPrint=false: The specified bucket does not exist.
2025-12-25 14:09:35,045 - ERROR - Error listing/downloading blobs for prefix stores/1/attachments/: 404 GET https://storage.googleapis.com/storage/v1/b/hype-retail-billing-softwaer.appspot.com/o?projection=noAcl&prefix=stores%2F1%2Fattachments%2F&prettyPrint=false: The specified bucket does not exist.
2025-12-25 14:09:35,045 - INFO - Downloaded 0 files from storage for store 1
2025-12-25 14:09:35,045 - INFO - Auto-restore completed: {'products': True, 'bills': False, 'customers': False, 'settings': True, 'gst_config': True, 'users': False, 'storage': False}
2025-12-25 14:09:52,818 - INFO - Backed up 3 products for store 1
2025-12-25 14:09:52,935 - INFO - Backed up 2 bills for store 1
2025-12-25 14:09:59,607 - INFO - Backed up 3 products for store 1
2025-12-25 14:09:59,968 - INFO - Backed up 3 bills for store 1
2025-12-25 14:10:33,863 - INFO - Backed up 3 products for store 1
2025-12-25 14:11:23,662 - INFO - Backed up 3 products for store 1
2025-12-25 14:11:23,840 - INFO - Backed up 4 bills for store 1
2025-12-25 14:12:17,355 - INFO - Backed up 3 products for store 1
2025-12-25 14:12:17,721 - INFO - Backed up 5 bills for store 1
2025-12-25 14:12:25,926 - INFO - Backed up 3 products for store 1
2025-12-25 14:12:26,052 - INFO - Backed up 6 bills for store 1
2025-12-25 14:13:29,537 - INFO - Auto-sync thread stopped
2025-12-25 14:13:29,537 - INFO - Firebase sync shutdown
2025-12-25 14:33:43,228 - INFO - Firebase initialized successfully
2025-12-25 14:33:43,229 - INFO - Auto-sync started with 300s interval
2025-12-25 14:33:43,229 - INFO - Auto-sync thread started
2025-12-25 14:33:43,230 - INFO - Starting automatic data restoration from Firebase...
2025-12-25 14:33:43,358 - INFO - Starting full sync...
2025-12-25 14:33:43,465 - INFO - Pruned 0 local bills older than 2025-07-18T14:33:43.464645
2025-12-25 14:33:44,793 - INFO - Restored products from Firebase
2025-12-25 14:33:44,799 - INFO - Restored 3 products to database
2025-12-25 14:33:44,859 - INFO - Pruned 0 cloud bills older than 2025-08-27T14:33:43.464645
2025-12-25 14:33:44,859 - INFO - Prune results: {'local_deleted': 0, 'cloud_deleted': 0}
2025-12-25 14:33:44,949 - INFO - Restored bills from Firebase
2025-12-25 14:33:44,950 - INFO - Restored 0 bills with items to database
2025-12-25 14:33:45,063 - INFO - Backed up 3 products for store 1
2025-12-25 14:33:45,080 - INFO - Restored customers from Firebase
2025-12-25 14:33:45,081 - INFO - Restored 0 customers to database
2025-12-25 14:33:45,213 - INFO - Backed up 6 bills for store 1
2025-12-25 14:33:45,330 - INFO - Restored 8 settings to database
2025-12-25 14:33:45,365 - INFO - Backed up 2 customers
2025-12-25 14:33:45,479 - INFO - Restored 20 GST configurations to database
2025-12-25 14:33:45,575 - INFO - Backed up 1 users
2025-12-25 14:33:45,611 - WARNING - Failed restoring user admin: NOT NULL constraint failed: users.password
2025-12-25 14:33:45,611 - INFO - Restored 0 users to database
2025-12-25 14:33:45,790 - INFO - Backed up system settings and stores
2025-12-25 14:33:45,908 - INFO - Backed up 20 GST configurations
2025-12-25 14:33:45,909 - INFO - Full sync completed. 0 queued operations synced.
2025-12-25 14:33:48,035 - ERROR - Error listing/downloading blobs for prefix stores/1/: 404 GET https://storage.googleapis.com/storage/v1/b/hype-retail-billing-softwaer.appspot.com/o?projection=noAcl&prefix=stores%2F1%2F&prettyPrint=false: The specified bucket does not exist.
2025-12-25 14:33:48,654 - ERROR - Error listing/downloading blobs for prefix stores/1/pdfs/: 404 GET https://storage.googleapis.com/storage/v1/b/hype-retail-billing-softwaer.appspot.com/o?projection=noAcl&prefix=stores%2F1%2Fpdfs%2F&prettyPrint=false: The specified bucket does not exist.
2025-12-25 14:33:49,715 - ERROR - Error listing/downloading blobs for prefix pdfs/: 404 GET https://storage.googleapis.com/storage/v1/b/hype-retail-billing-softwaer.appspot.com/o?projection=noAcl&prefix=pdfs%2F&prettyPrint=false: The specified bucket does not exist.
2025-12-25 14:33:50,538 - ERROR - Error listing/downloading blobs for prefix bills/: 404 GET https://storage.googleapis.com/storage/v1/b/hype-retail-billing-softwaer.appspot.com/o?projection=noAcl&prefix=bills%2F&prettyPrint=false: The specified bucket does not exist.
2025-12-25 14:33:51,333 - ERROR - Error listing/downloading blobs for prefix stores/1/attachments/: 404 GET https://storage.googleapis.com/storage/v1/b/hype-retail-billing-softwaer.appspot.com/o?projection=noAcl&prefix=stores%2F1%2Fattachments%2F&prettyPrint=false: The specified bucket does not exist.
2025-12-25 14:33:51,333 - INFO - Downloaded 0 files from storage for store 1
2025-12-25 14:33:51,333 - INFO - Auto-restore completed: {'products': True, 'bills': False, 'customers': False, 'settings': True, 'gst_config': True, 'users': False, 'storage': False}
2025-12-25 14:34:16,243 - INFO - Backed up 3 products for store 1
2025-12-25 14:34:16,740 - INFO - Backed up 7 bills for store 1
2025-12-25 14:34:32,068 - INFO - Backed up 3 products for store 1
2025-12-25 14:34:32,289 - INFO - Backed up 8 bills for store 1
2025-12-25 14:35:05,652 - INFO - Auto-sync thread stopped
2025-12-25 14:35:05,652 - INFO - Firebase sync shutdown
2025-12-25 14:36:09,589 - INFO - Firebase initialized successfully
2025-12-25 14:36:09,589 - INFO - Auto-sync started with 300s interval
2025-12-25 14:36:09,589 - INFO - Auto-sync thread started
2025-12-25 14:36:09,590 - INFO - Starting automatic data restoration from Firebase...
2025-12-25 14:36:09,644 - INFO - Starting full sync...
2025-12-25 14:36:09,683 - INFO - Pruned 0 local bills older than 2025-07-18T14:36:09.683068
2025-12-25 14:36:10,793 - INFO - Restored products from Firebase
2025-12-25 14:36:10,793 - INFO - Pruned 0 cloud bills older than 2025-08-27T14:36:09.683068
2025-12-25 14:36:10,794 - INFO - Prune results: {'local_deleted': 0, 'cloud_deleted': 0}
2025-12-25 14:36:10,804 - INFO - Restored 3 products to database
2025-12-25 14:36:10,933 - INFO - Restored bills from Firebase
2025-12-25 14:36:10,935 - INFO - Restored 0 bills with items to database
2025-12-25 14:36:11,034 - INFO - Backed up 3 products for store 1
2025-12-25 14:36:11,050 - INFO - Restored customers from Firebase
2025-12-25 14:36:11,051 - INFO - Restored 0 customers to database
2025-12-25 14:36:11,167 - INFO - Backed up 8 bills for store 1
2025-12-25 14:36:11,262 - INFO - Restored 8 settings to database
2025-12-25 14:36:11,314 - INFO - Backed up 2 customers
2025-12-25 14:36:11,415 - INFO - Restored 20 GST configurations to database
2025-12-25 14:36:11,478 - INFO - Backed up 1 users
2025-12-25 14:36:11,534 - WARNING - Failed restoring user admin: NOT NULL constraint failed: users.password
2025-12-25 14:36:11,534 - INFO - Restored 0 users to database
2025-12-25 14:36:11,640 - INFO - Backed up system settings and stores
2025-12-25 14:36:11,767 - INFO - Backed up 20 GST configurations
2025-12-25 14:36:11,768 - INFO - Full sync completed. 0 queued operations synced.
2025-12-25 14:36:13,543 - ERROR - Error listing/downloading blobs for prefix stores/1/: 404 GET https://storage.googleapis.com/storage/v1/b/hype-retail-billing-softwaer.appspot.com/o?projection=noAcl&prefix=stores%2F1%2F&prettyPrint=false: The specified bucket does not exist.
2025-12-25 14:36:14,044 - ERROR - Error listing/downloading blobs for prefix stores/1/pdfs/: 404 GET https://storage.googleapis.com/storage/v1/b/hype-retail-billing-softwaer.appspot.com/o?projection=noAcl&prefix=stores%2F1%2Fpdfs%2F&prettyPrint=false: The specified bucket does not exist.
2025-12-25 14:36:14,684 - ERROR - Error listing/downloading blobs for prefix pdfs/: 404 GET https://storage.googleapis.com/storage/v1/b/hype-retail-billing-softwaer.appspot.com/o?projection=noAcl&prefix=pdfs%2F&prettyPrint=false: The specified bucket does not exist.
2025-12-25 14:36:15,317 - ERROR - Error listing/downloading blobs for prefix bills/: 404 GET https://storage.googleapis.com/storage/v1/b/hype-retail-billing-softwaer.appspot.com/o?projection=noAcl&prefix=bills%2F&prettyPrint=false: The specified bucket does not exist.
2025-12-25 14:36:15,963 - ERROR - Error listing/downloading blobs for prefix stores/1/attachments/: 404 GET https://storage.googleapis.com/storage/v1/b/hype-retail-billing-softwaer.appspot.com/o?projection=noAcl&prefix=stores%2F1%2Fattachments%2F&prettyPrint=false: The specified bucket does not exist.
2025-12-25 14:36:15,963 - INFO - Downloaded 0 files from storage for store 1
2025-12-25 14:36:15,963 - INFO - Auto-restore completed: {'products': True, 'bills': False, 'customers': False, 'settings': True, 'gst_config': True, 'users': False, 'storage': False}
2025-12-25 14:36:45,352 - INFO - Backed up 3 products for store 1
2025-12-25 14:36:45,478 - INFO - Backed up 9 bills for store 1
2025-12-25 14:37:30,272 - INFO - Backed up 3 products for store 1
2025-12-25 14:37:30,396 - INFO - Backed up 10 bills for store 1
2025-12-25 14:39:15,735 - INFO - Auto-sync thread stopped
2025-12-25 14:39:15,736 - INFO - Firebase sync shutdown
2025-12-25 14:52:35,133 - INFO - Firebase initialized successfully
2025-12-25 14:52:35,133 - INFO - Auto-sync started with 300s interval
2025-12-25 14:52:35,134 - INFO - Auto-sync thread started
2025-12-25 14:52:35,134 - INFO - Starting automatic data restoration from Firebase...
2025-12-25 14:52:35,175 - INFO - Starting full sync...
2025-12-25 14:52:35,230 - INFO - Pruned 0 local bills older than 2025-07-18T14:52:35.229563
2025-12-25 14:52:37,006 - INFO - Restored products from Firebase
2025-12-25 14:52:37,011 - INFO - Restored 3 products to database
2025-12-25 14:52:37,014 - INFO - Pruned 0 cloud bills older than 2025-08-27T14:52:35.229563
2025-12-25 14:52:37,014 - INFO - Prune results: {'local_deleted': 0, 'cloud_deleted': 0}
2025-12-25 14:52:37,159 - INFO - Restored bills from Firebase
2025-12-25 14:52:37,160 - INFO - Restored 0 bills with items to database
2025-12-25 14:52:37,248 - INFO - Backed up 3 products for store 1
2025-12-25 14:52:37,299 - INFO - Restored customers from Firebase
2025-12-25 14:52:37,300 - INFO - Restored 0 customers to database
2025-12-25 14:52:37,443 - INFO - Backed up 10 bills for store 1
2025-12-25 14:52:37,506 - INFO - Restored 8 settings to database
2025-12-25 14:52:37,561 - INFO - Backed up 2 customers
2025-12-25 14:52:37,671 - INFO - Restored 20 GST configurations to database
2025-12-25 14:52:37,789 - INFO - Backed up 1 users
2025-12-25 14:52:37,965 - WARNING - Failed restoring user admin: NOT NULL constraint failed: users.password
2025-12-25 14:52:37,966 - INFO - Restored 0 users to database
2025-12-25 14:52:38,061 - INFO - Backed up system settings and stores
2025-12-25 14:52:38,654 - INFO - Backed up 20 GST configurations
2025-12-25 14:52:38,655 - INFO - Full sync completed. 0 queued operations synced.
2025-12-25 14:52:40,759 - ERROR - Error listing/downloading blobs for prefix stores/1/: 404 GET https://storage.googleapis.com/storage/v1/b/hype-retail-billing-softwaer.appspot.com/o?projection=noAcl&prefix=stores%2F1%2F&prettyPrint=false: The specified bucket does not exist.
2025-12-25 14:52:41,301 - ERROR - Error listing/downloading blobs for prefix stores/1/pdfs/: 404 GET https://storage.googleapis.com/storage/v1/b/hype-retail-billing-softwaer.appspot.com/o?projection=noAcl&prefix=stores%2F1%2Fpdfs%2F&prettyPrint=false: The specified bucket does not exist.
2025-12-25 14:52:42,005 - ERROR - Error listing/downloading blobs for prefix pdfs/: 404 GET https://storage.googleapis.com/storage/v1/b/hype-retail-billing-softwaer.appspot.com/o?projection=noAcl&prefix=pdfs%2F&prettyPrint=false: The specified bucket does not exist.
2025-12-25 14:52:43,327 - ERROR - Error listing/downloading blobs for prefix bills/: 404 GET https://storage.googleapis.com/storage/v1/b/hype-retail-billing-softwaer.appspot.com/o?projection=noAcl&prefix=bills%2F&prettyPrint=false: The specified bucket does not exist.
2025-12-25 14:52:43,892 - ERROR - Error listing/downloading blobs for prefix stores/1/attachments/: 404 GET https://storage.googleapis.com/storage/v1/b/hype-retail-billing-softwaer.appspot.com/o?projection=noAcl&prefix=stores%2F1%2Fattachments%2F&prettyPrint=false: The specified bucket does not exist.
2025-12-25 14:52:43,892 - INFO - Downloaded 0 files from storage for store 1
2025-12-25 14:52:43,892 - INFO - Auto-restore completed: {'products': True, 'bills': False, 'customers': False, 'settings': True, 'gst_config': True, 'users': False, 'storage': False}
2025-12-25 14:54:19,565 - INFO - Backed up 3 products for store 1
2025-12-25 14:54:19,741 - INFO - Backed up 11 bills for store 1
2025-12-25 14:54:30,277 - INFO - Backed up 3 products for store 1
2025-12-25 14:54:30,419 - INFO - Backed up 12 bills for store 1
2025-12-25 14:57:38,705 - INFO - Starting full sync...
2025-12-25 14:57:38,744 - INFO - Pruned 0 local bills older than 2025-07-18T14:57:38.743700
2025-12-25 14:57:38,892 - INFO - Pruned 0 cloud bills older than 2025-08-27T14:57:38.743700
2025-12-25 14:57:38,892 - INFO - Prune results: {'local_deleted': 0, 'cloud_deleted': 0}
2025-12-25 14:57:39,043 - INFO - Backed up 3 products for store 1
2025-12-25 14:57:39,169 - INFO - Backed up 12 bills for store 1
2025-12-25 14:57:39,285 - INFO - Backed up 2 customers
2025-12-25 14:57:39,438 - INFO - Backed up 1 users
2025-12-25 14:57:39,554 - INFO - Backed up system settings and stores
2025-12-25 14:57:39,682 - INFO - Backed up 20 GST configurations
2025-12-25 14:57:39,683 - INFO - Full sync completed. 0 queued operations synced.
2025-12-25 15:02:39,720 - INFO - Starting full sync...
2025-12-25 15:02:39,757 - INFO - Pruned 0 local bills older than 2025-07-18T15:02:39.756763
2025-12-25 15:02:40,189 - INFO - Pruned 0 cloud bills older than 2025-08-27T15:02:39.756763
2025-12-25 15:02:40,189 - INFO - Prune results: {'local_deleted': 0, 'cloud_deleted': 0}
2025-12-25 15:02:40,334 - INFO - Backed up 3 products for store 1
2025-12-25 15:02:40,457 - INFO - Backed up 12 bills for store 1
2025-12-25 15:02:40,575 - INFO - Backed up 2 customers
2025-12-25 15:02:40,691 - INFO - Backed up 1 users
2025-12-25 15:02:40,809 - INFO - Backed up system settings and stores
2025-12-25 15:02:40,944 - INFO - Backed up 20 GST configurations
2025-12-25 15:02:40,945 - INFO - Full sync completed. 0 queued operations synced.
2025-12-25 15:07:43,960 - INFO - Internet unavailable. Checking offline queue...
2025-12-25 15:09:37,969 - INFO - Auto-sync thread stopped
2025-12-25 15:09:37,969 - INFO - Firebase sync shutdown
2025-12-25 15:09:51,317 - INFO - Firebase initialized successfully
2025-12-25 15:09:51,317 - INFO - Auto-sync started with 300s interval
2025-12-25 15:09:51,317 - INFO - Auto-sync thread started
2025-12-25 15:09:51,318 - INFO - Internet unavailable. Checking offline queue...
2025-12-25 15:09:51,318 - INFO - Starting automatic data restoration from Firebase...
2025-12-25 15:11:02,787 - ERROR - Error backing up products: Timeout of 60.0s exceeded, last exception: 503 DNS resolution failed for firestore.googleapis.com: UNAVAILABLE: getaddrinfo: WSA Error (No such host is known.
 -- 11001)
2025-12-25 15:11:02,788 - INFO - Operation queued: backup_products on store_1/products
2025-12-25 15:12:30,164 - ERROR - Error backing up products: Timeout of 60.0s exceeded, last exception: 503 DNS resolution failed for firestore.googleapis.com: UNAVAILABLE: getaddrinfo: WSA Error (No such host is known.
 -- 11001)
2025-12-25 15:12:30,174 - INFO - Operation queued: backup_products on store_1/products
2025-12-25 15:48:28,052 - INFO - Firebase initialized successfully
2025-12-25 15:48:28,052 - INFO - Auto-sync started with 300s interval
2025-12-25 15:48:28,053 - INFO - Auto-sync thread started
2025-12-25 15:48:28,053 - INFO - Starting automatic data restoration from Firebase...
2025-12-25 15:48:28,110 - INFO - Connectivity restored — running immediate full sync
2025-12-25 15:48:28,110 - INFO - Starting full sync...
2025-12-25 15:48:28,156 - INFO - Pruned 0 local bills older than 2025-07-18T15:48:28.156389
2025-12-25 15:48:30,818 - INFO - Restored products from Firebase
2025-12-25 15:48:30,824 - INFO - Restored 3 products to database
2025-12-25 15:48:30,840 - INFO - Pruned 0 cloud bills older than 2025-08-27T15:48:28.156389
2025-12-25 15:48:30,840 - INFO - Prune results: {'local_deleted': 0, 'cloud_deleted': 0}
2025-12-25 15:48:30,957 - INFO - Restored bills from Firebase
2025-12-25 15:48:30,958 - INFO - Restored 0 bills with items to database
2025-12-25 15:48:31,080 - INFO - Backed up 3 products for store 1
2025-12-25 15:48:31,088 - INFO - Restored customers from Firebase
2025-12-25 15:48:31,088 - INFO - Restored 0 customers to database
2025-12-25 15:48:31,353 - INFO - Backed up 13 bills for store 1
2025-12-25 15:48:31,432 - INFO - Restored 8 settings to database
2025-12-25 15:48:31,476 - INFO - Backed up 2 customers
2025-12-25 15:48:31,548 - INFO - Restored 20 GST configurations to database
2025-12-25 15:48:31,633 - INFO - Backed up 1 users
2025-12-25 15:48:31,666 - WARNING - Failed restoring user admin: NOT NULL constraint failed: users.password
2025-12-25 15:48:31,666 - INFO - Restored 0 users to database
2025-12-25 15:48:31,753 - INFO - Backed up system settings and stores
2025-12-25 15:48:31,877 - INFO - Backed up 20 GST configurations
2025-12-25 15:48:31,877 - ERROR - Failed to sync operation 0 (backup_products on store_1/products): Unknown operation
2025-12-25 15:48:31,878 - INFO - Full sync completed. 0 queued operations synced.
2025-12-25 15:48:33,566 - ERROR - Error listing/downloading blobs for prefix stores/1/: 404 GET https://storage.googleapis.com/storage/v1/b/hype-retail-billing-softwaer.appspot.com/o?projection=noAcl&prefix=stores%2F1%2F&prettyPrint=false: The specified bucket does not exist.
2025-12-25 15:48:34,227 - ERROR - Error listing/downloading blobs for prefix stores/1/pdfs/: 404 GET https://storage.googleapis.com/storage/v1/b/hype-retail-billing-softwaer.appspot.com/o?projection=noAcl&prefix=stores%2F1%2Fpdfs%2F&prettyPrint=false: The specified bucket does not exist.
2025-12-25 15:48:34,915 - ERROR - Error listing/downloading blobs for prefix pdfs/: 404 GET https://storage.googleapis.com/storage/v1/b/hype-retail-billing-softwaer.appspot.com/o?projection=noAcl&prefix=pdfs%2F&prettyPrint=false: The specified bucket does not exist.
2025-12-25 15:48:35,535 - ERROR - Error listing/downloading blobs for prefix bills/: 404 GET https://storage.googleapis.com/storage/v1/b/hype-retail-billing-softwaer.appspot.com/o?projection=noAcl&prefix=bills%2F&prettyPrint=false: The specified bucket does not exist.
2025-12-25 15:48:36,273 - ERROR - Error listing/downloading blobs for prefix stores/1/attachments/: 404 GET https://storage.googleapis.com/storage/v1/b/hype-retail-billing-softwaer.appspot.com/o?projection=noAcl&prefix=stores%2F1%2Fattachments%2F&prettyPrint=false: The specified bucket does not exist.
2025-12-25 15:48:36,274 - INFO - Downloaded 0 files from storage for store 1
2025-12-25 15:48:36,274 - INFO - Auto-restore completed: {'products': True, 'bills': False, 'customers': False, 'settings': True, 'gst_config': True, 'users': False, 'storage': False}
2025-12-25 15:49:05,738 - INFO - Backed up 3 products for store 1
2025-12-25 15:49:18,151 - INFO - Backed up 3 products for store 1
2025-12-25 15:49:18,350 - INFO - Backed up 14 bills for store 1
2025-12-25 15:49:44,069 - INFO - Backed up 3 products for store 1
2025-12-25 15:49:44,340 - INFO - Backed up 15 bills for store 1
2025-12-25 15:50:08,422 - INFO - Auto-sync thread stopped
2025-12-25 15:50:08,422 - INFO - Firebase sync shutdown
2025-12-25 16:06:49,457 - INFO - Firebase initialized successfully
2025-12-25 16:06:49,457 - INFO - Auto-sync started with 300s interval
2025-12-25 16:06:49,458 - INFO - Auto-sync thread started
2025-12-25 16:06:49,460 - INFO - Starting automatic data restoration from Firebase...
2025-12-25 16:06:49,511 - INFO - Connectivity restored — running immediate full sync
2025-12-25 16:06:49,511 - INFO - Starting full sync...
2025-12-25 16:06:49,555 - INFO - Pruned 0 local bills older than 2025-07-18T16:06:49.555011
2025-12-25 16:06:50,692 - INFO - Restored products from Firebase
2025-12-25 16:06:50,698 - INFO - Restored 3 products to database
2025-12-25 16:06:50,728 - INFO - Pruned 0 cloud bills older than 2025-08-27T16:06:49.555011
2025-12-25 16:06:50,728 - INFO - Prune results: {'local_deleted': 0, 'cloud_deleted': 0}
2025-12-25 16:06:50,853 - INFO - Restored bills from Firebase
2025-12-25 16:06:50,854 - INFO - Restored 0 bills with items to database
2025-12-25 16:06:50,966 - INFO - Backed up 3 products for store 1
2025-12-25 16:06:50,975 - INFO - Restored customers from Firebase
2025-12-25 16:06:50,976 - INFO - Restored 0 customers to database
2025-12-25 16:06:51,111 - INFO - Backed up 15 bills for store 1
2025-12-25 16:06:51,194 - INFO - Restored 8 settings to database
2025-12-25 16:06:51,244 - INFO - Backed up 2 customers
2025-12-25 16:06:51,319 - INFO - Restored 20 GST configurations to database
2025-12-25 16:06:51,408 - INFO - Backed up 1 users
2025-12-25 16:06:51,484 - WARNING - Failed restoring user admin: NOT NULL constraint failed: users.password
2025-12-25 16:06:51,484 - INFO - Restored 0 users to database
2025-12-25 16:06:51,527 - INFO - Backed up system settings and stores
2025-12-25 16:06:51,659 - INFO - Backed up 20 GST configurations
2025-12-25 16:06:51,660 - ERROR - Failed to sync operation 0 (backup_products on store_1/products): Unknown operation
2025-12-25 16:06:51,661 - INFO - Full sync completed. 0 queued operations synced.
2025-12-25 16:06:53,713 - ERROR - Error listing/downloading blobs for prefix stores/1/: 404 GET https://storage.googleapis.com/storage/v1/b/hype-retail-billing-softwaer.appspot.com/o?projection=noAcl&prefix=stores%2F1%2F&prettyPrint=false: The specified bucket does not exist.
2025-12-25 16:06:54,363 - ERROR - Error listing/downloading blobs for prefix stores/1/pdfs/: 404 GET https://storage.googleapis.com/storage/v1/b/hype-retail-billing-softwaer.appspot.com/o?projection=noAcl&prefix=stores%2F1%2Fpdfs%2F&prettyPrint=false: The specified bucket does not exist.
2025-12-25 16:06:55,009 - ERROR - Error listing/downloading blobs for prefix pdfs/: 404 GET https://storage.googleapis.com/storage/v1/b/hype-retail-billing-softwaer.appspot.com/o?projection=noAcl&prefix=pdfs%2F&prettyPrint=false: The specified bucket does not exist.
2025-12-25 16:06:55,639 - ERROR - Error listing/downloading blobs for prefix bills/: 404 GET https://storage.googleapis.com/storage/v1/b/hype-retail-billing-softwaer.appspot.com/o?projection=noAcl&prefix=bills%2F&prettyPrint=false: The specified bucket does not exist.
2025-12-25 16:06:56,398 - ERROR - Error listing/downloading blobs for prefix stores/1/attachments/: 404 GET https://storage.googleapis.com/storage/v1/b/hype-retail-billing-softwaer.appspot.com/o?projection=noAcl&prefix=stores%2F1%2Fattachments%2F&prettyPrint=false: The specified bucket does not exist.
2025-12-25 16:06:56,398 - INFO - Downloaded 0 files from storage for store 1
2025-12-25 16:06:56,399 - INFO - Auto-restore completed: {'products': True, 'bills': False, 'customers': False, 'settings': True, 'gst_config': True, 'users': False, 'storage': False}
2025-12-25 16:07:36,567 - INFO - Backed up 3 products for store 1
2025-12-25 16:07:36,706 - INFO - Backed up 16 bills for store 1
2025-12-25 16:07:49,578 - INFO - Backed up 3 products for store 1
2025-12-25 16:07:49,714 - INFO - Backed up 17 bills for store 1
2025-12-25 16:08:17,153 - INFO - Auto-sync thread stopped
2025-12-25 16:08:17,153 - INFO - Firebase sync shutdown
2025-12-25 16:10:24,655 - INFO - Firebase initialized successfully
2025-12-25 16:10:24,656 - INFO - Auto-sync started with 300s interval
2025-12-25 16:10:24,656 - INFO - Auto-sync thread started
2025-12-25 16:10:24,658 - INFO - Starting automatic data restoration from Firebase...
2025-12-25 16:10:25,277 - INFO - Connectivity restored — running immediate full sync
2025-12-25 16:10:25,277 - INFO - Starting full sync...
2025-12-25 16:10:25,620 - INFO - Pruned 0 local bills older than 2025-07-18T16:10:25.620104
2025-12-25 16:10:27,106 - INFO - Restored products from Firebase
2025-12-25 16:10:27,114 - INFO - Restored 3 products to database
2025-12-25 16:10:27,232 - INFO - Pruned 0 cloud bills older than 2025-08-27T16:10:25.620104
2025-12-25 16:10:27,232 - INFO - Prune results: {'local_deleted': 0, 'cloud_deleted': 0}
2025-12-25 16:10:27,307 - INFO - Restored bills from Firebase
2025-12-25 16:10:27,309 - INFO - Restored 0 bills with items to database
2025-12-25 16:10:27,375 - INFO - Backed up 3 products for store 1
2025-12-25 16:10:27,445 - INFO - Restored customers from Firebase
2025-12-25 16:10:27,446 - INFO - Restored 0 customers to database
2025-12-25 16:10:27,549 - INFO - Backed up 17 bills for store 1
2025-12-25 16:10:27,639 - INFO - Restored 8 settings to database
2025-12-25 16:10:27,690 - INFO - Backed up 2 customers
2025-12-25 16:10:27,792 - INFO - Restored 20 GST configurations to database
2025-12-25 16:10:27,860 - INFO - Backed up 1 users
2025-12-25 16:10:27,916 - WARNING - Failed restoring user admin: NOT NULL constraint failed: users.password
2025-12-25 16:10:27,917 - INFO - Restored 0 users to database
2025-12-25 16:10:28,008 - INFO - Backed up system settings and stores
2025-12-25 16:10:28,151 - INFO - Backed up 20 GST configurations
2025-12-25 16:10:28,151 - ERROR - Failed to sync operation 0 (backup_products on store_1/products): Unknown operation
2025-12-25 16:10:28,152 - INFO - Full sync completed. 0 queued operations synced.
2025-12-25 16:10:30,369 - ERROR - Error listing/downloading blobs for prefix stores/1/: 404 GET https://storage.googleapis.com/storage/v1/b/hype-retail-billing-softwaer.appspot.com/o?projection=noAcl&prefix=stores%2F1%2F&prettyPrint=false: The specified bucket does not exist.
2025-12-25 16:10:30,981 - ERROR - Error listing/downloading blobs for prefix stores/1/pdfs/: 404 GET https://storage.googleapis.com/storage/v1/b/hype-retail-billing-softwaer.appspot.com/o?projection=noAcl&prefix=stores%2F1%2Fpdfs%2F&prettyPrint=false: The specified bucket does not exist.
2025-12-25 16:10:31,735 - ERROR - Error listing/downloading blobs for prefix pdfs/: 404 GET https://storage.googleapis.com/storage/v1/b/hype-retail-billing-softwaer.appspot.com/o?projection=noAcl&prefix=pdfs%2F&prettyPrint=false: The specified bucket does not exist.
2025-12-25 16:10:32,578 - ERROR - Error listing/downloading blobs for prefix bills/: 404 GET https://storage.googleapis.com/storage/v1/b/hype-retail-billing-softwaer.appspot.com/o?projection=noAcl&prefix=bills%2F&prettyPrint=false: The specified bucket does not exist.
2025-12-25 16:10:33,580 - ERROR - Error listing/downloading blobs for prefix stores/1/attachments/: 404 GET https://storage.googleapis.com/storage/v1/b/hype-retail-billing-softwaer.appspot.com/o?projection=noAcl&prefix=stores%2F1%2Fattachments%2F&prettyPrint=false: The specified bucket does not exist.
2025-12-25 16:10:33,580 - INFO - Downloaded 0 files from storage for store 1
2025-12-25 16:10:33,580 - INFO - Auto-restore completed: {'products': True, 'bills': False, 'customers': False, 'settings': True, 'gst_config': True, 'users': False, 'storage': False}
2025-12-25 16:10:52,032 - INFO - Backed up 3 products for store 1
2025-12-25 16:10:52,227 - INFO - Backed up 18 bills for store 1
2025-12-25 16:11:16,595 - INFO - Backed up 3 products for store 1
2025-12-25 16:11:16,737 - INFO - Backed up 19 bills for store 1
2025-12-25 16:15:28,238 - INFO - Starting full sync...
2025-12-25 16:15:28,301 - INFO - Pruned 0 local bills older than 2025-07-18T16:15:28.301002
2025-12-25 16:15:28,972 - INFO - Pruned 0 cloud bills older than 2025-08-27T16:15:28.301002
2025-12-25 16:15:28,973 - INFO - Prune results: {'local_deleted': 0, 'cloud_deleted': 0}
2025-12-25 16:15:29,142 - INFO - Backed up 3 products for store 1
2025-12-25 16:15:29,691 - INFO - Backed up 19 bills for store 1
2025-12-25 16:15:29,856 - INFO - Backed up 2 customers
2025-12-25 16:15:30,041 - INFO - Backed up 1 users
2025-12-25 16:15:30,205 - INFO - Backed up system settings and stores
2025-12-25 16:15:30,397 - INFO - Backed up 20 GST configurations
2025-12-25 16:15:30,401 - ERROR - Failed to sync operation 0 (backup_products on store_1/products): Unknown operation
2025-12-25 16:15:30,402 - INFO - Full sync completed. 0 queued operations synced.
2025-12-25 16:20:30,452 - INFO - Starting full sync...
2025-12-25 16:20:30,503 - INFO - Pruned 0 local bills older than 2025-07-18T16:20:30.502385
2025-12-25 16:20:31,006 - INFO - Pruned 0 cloud bills older than 2025-08-27T16:20:30.502385
2025-12-25 16:20:31,006 - INFO - Prune results: {'local_deleted': 0, 'cloud_deleted': 0}
2025-12-25 16:20:31,153 - INFO - Backed up 3 products for store 1
2025-12-25 16:20:31,350 - INFO - Backed up 19 bills for store 1
2025-12-25 16:20:31,472 - INFO - Backed up 2 customers
2025-12-25 16:20:31,591 - INFO - Backed up 1 users
2025-12-25 16:20:31,708 - INFO - Backed up system settings and stores
2025-12-25 16:20:31,825 - INFO - Backed up 20 GST configurations
2025-12-25 16:20:31,827 - ERROR - Failed to sync operation 0 (backup_products on store_1/products): Unknown operation
2025-12-25 16:20:31,828 - INFO - Full sync completed. 0 queued operations synced.
2025-12-25 16:23:36,775 - INFO - Auto-sync thread stopped
2025-12-25 16:23:36,775 - INFO - Firebase sync shutdown
2025-12-25 16:23:49,282 - INFO - Firebase initialized successfully
2025-12-25 16:23:49,283 - INFO - Auto-sync started with 300s interval
2025-12-25 16:23:49,283 - INFO - Auto-sync thread started
2025-12-25 16:23:49,285 - INFO - Starting automatic data restoration from Firebase...
2025-12-25 16:23:49,327 - INFO - Connectivity restored — running immediate full sync
2025-12-25 16:23:49,327 - INFO - Starting full sync...
2025-12-25 16:23:49,380 - INFO - Pruned 0 local bills older than 2025-07-18T16:23:49.380340
2025-12-25 16:23:50,512 - INFO - Restored products from Firebase
2025-12-25 16:23:50,518 - INFO - Restored 3 products to database
2025-12-25 16:23:50,597 - INFO - Pruned 0 cloud bills older than 2025-08-27T16:23:49.380340
2025-12-25 16:23:50,597 - INFO - Prune results: {'local_deleted': 0, 'cloud_deleted': 0}
2025-12-25 16:23:50,671 - INFO - Restored bills from Firebase
2025-12-25 16:23:50,672 - INFO - Restored 0 bills with items to database
2025-12-25 16:23:50,741 - INFO - Backed up 3 products for store 1
2025-12-25 16:23:50,812 - INFO - Restored customers from Firebase
2025-12-25 16:23:50,812 - INFO - Restored 0 customers to database
2025-12-25 16:23:50,977 - INFO - Backed up 19 bills for store 1
2025-12-25 16:23:50,986 - INFO - Restored 8 settings to database
2025-12-25 16:23:51,170 - INFO - Backed up 2 customers
2025-12-25 16:23:51,194 - INFO - Restored 20 GST configurations to database
2025-12-25 16:23:51,301 - INFO - Backed up 1 users
2025-12-25 16:23:51,321 - WARNING - Failed restoring user admin: NOT NULL constraint failed: users.password
2025-12-25 16:23:51,321 - INFO - Restored 0 users to database
2025-12-25 16:23:51,452 - INFO - Backed up system settings and stores
2025-12-25 16:23:51,578 - INFO - Backed up 20 GST configurations
2025-12-25 16:23:51,578 - ERROR - Failed to sync operation 0 (backup_products on store_1/products): Unknown operation
2025-12-25 16:23:51,579 - INFO - Full sync completed. 0 queued operations synced.
2025-12-25 16:23:53,443 - ERROR - Error listing/downloading blobs for prefix stores/1/: 404 GET https://storage.googleapis.com/storage/v1/b/hype-retail-billing-softwaer.appspot.com/o?projection=noAcl&prefix=stores%2F1%2F&prettyPrint=false: The specified bucket does not exist.
2025-12-25 16:23:53,853 - ERROR - Error listing/downloading blobs for prefix stores/1/pdfs/: 404 GET https://storage.googleapis.com/storage/v1/b/hype-retail-billing-softwaer.appspot.com/o?projection=noAcl&prefix=stores%2F1%2Fpdfs%2F&prettyPrint=false: The specified bucket does not exist.
2025-12-25 16:23:54,360 - ERROR - Error listing/downloading blobs for prefix pdfs/: 404 GET https://storage.googleapis.com/storage/v1/b/hype-retail-billing-softwaer.appspot.com/o?projection=noAcl&prefix=pdfs%2F&prettyPrint=false: The specified bucket does not exist.
2025-12-25 16:23:55,079 - ERROR - Error listing/downloading blobs for prefix bills/: 404 GET https://storage.googleapis.com/storage/v1/b/hype-retail-billing-softwaer.appspot.com/o?projection=noAcl&prefix=bills%2F&prettyPrint=false: The specified bucket does not exist.
2025-12-25 16:23:55,738 - ERROR - Error listing/downloading blobs for prefix stores/1/attachments/: 404 GET https://storage.googleapis.com/storage/v1/b/hype-retail-billing-softwaer.appspot.com/o?projection=noAcl&prefix=stores%2F1%2Fattachments%2F&prettyPrint=false: The specified bucket does not exist.
2025-12-25 16:23:55,738 - INFO - Downloaded 0 files from storage for store 1
2025-12-25 16:23:55,738 - INFO - Auto-restore completed: {'products': True, 'bills': False, 'customers': False, 'settings': True, 'gst_config': True, 'users': False, 'storage': False}
2025-12-25 16:24:20,777 - INFO - Backed up 3 products for store 1
2025-12-25 16:24:20,914 - INFO - Backed up 20 bills for store 1
2025-12-25 16:24:26,214 - INFO - Backed up 3 products for store 1
2025-12-25 16:24:26,371 - INFO - Backed up 21 bills for store 1
2025-12-25 16:25:31,497 - INFO - Auto-sync thread stopped
2025-12-25 16:25:31,498 - INFO - Firebase sync shutdown
2025-12-25 16:30:10,097 - INFO - Firebase initialized successfully
2025-12-25 16:30:10,098 - INFO - Auto-sync started with 300s interval
2025-12-25 16:30:10,098 - INFO - Auto-sync thread started
2025-12-25 16:30:10,110 - INFO - Starting automatic data restoration from Firebase...
2025-12-25 16:30:13,091 - INFO - Internet unavailable. Checking offline queue...
2025-12-25 16:30:13,092 - INFO - Offline queue has 2 pending operations
2025-12-25 16:30:14,917 - INFO - Restored products from Firebase
2025-12-25 16:30:14,923 - INFO - Restored 3 products to database
2025-12-25 16:30:15,127 - INFO - Restored bills from Firebase
2025-12-25 16:30:15,128 - ERROR - Error restoring bills to database: table bills has no column named employee_id
2025-12-25 16:30:15,302 - INFO - Restored customers from Firebase
2025-12-25 16:30:15,303 - ERROR - Error restoring customers to database: table customers has no column named customer_name
2025-12-25 16:30:15,484 - WARNING - Failed restoring store {'email': None, 'created_at': '2025-12-25 07:37:53', 'owner_name': 'Admin', 'phone': '1234567890', 'store_name': 'Default Store', 'address': 'Main Street', 'store_id': 3}: UNIQUE constraint failed: stores.store_name
2025-12-25 16:30:15,488 - INFO - Restored 8 settings to database
2025-12-25 16:30:16,399 - INFO - Restored 20 GST configurations to database
2025-12-25 16:30:16,576 - WARNING - Failed restoring user admin: NOT NULL constraint failed: users.password
2025-12-25 16:30:16,577 - INFO - Restored 0 users to database
2025-12-25 16:30:18,197 - INFO - Connectivity restored — running immediate full sync
2025-12-25 16:30:18,197 - INFO - Starting full sync...
2025-12-25 16:30:18,351 - INFO - Pruned 0 local bills older than 2025-07-18T16:30:18.350739
2025-12-25 16:30:18,614 - INFO - Pruned 0 cloud bills older than 2025-08-27T16:30:18.350739
2025-12-25 16:30:18,614 - INFO - Prune results: {'local_deleted': 0, 'cloud_deleted': 0}
2025-12-25 16:30:18,745 - INFO - Backed up 3 products for store 1
2025-12-25 16:30:18,756 - ERROR - Error listing/downloading blobs for prefix stores/1/: 404 GET https://storage.googleapis.com/storage/v1/b/hype-retail-billing-softwaer.appspot.com/o?projection=noAcl&prefix=stores%2F1%2F&prettyPrint=false: The specified bucket does not exist.
2025-12-25 16:30:18,918 - INFO - Backed up 0 bills for store 1
2025-12-25 16:30:19,074 - INFO - Backed up 0 customers
2025-12-25 16:30:19,234 - INFO - Backed up 1 users
2025-12-25 16:30:19,390 - INFO - Backed up system settings and stores
2025-12-25 16:30:19,534 - INFO - Backed up 20 GST configurations
2025-12-25 16:30:19,535 - ERROR - Failed to sync operation 0 (backup_products on store_1/products): Unknown operation
2025-12-25 16:30:19,536 - INFO - Full sync completed. 0 queued operations synced.
2025-12-25 16:30:19,549 - ERROR - Error listing/downloading blobs for prefix stores/1/pdfs/: 404 GET https://storage.googleapis.com/storage/v1/b/hype-retail-billing-softwaer.appspot.com/o?projection=noAcl&prefix=stores%2F1%2Fpdfs%2F&prettyPrint=false: The specified bucket does not exist.
2025-12-25 16:30:20,436 - ERROR - Error listing/downloading blobs for prefix pdfs/: 404 GET https://storage.googleapis.com/storage/v1/b/hype-retail-billing-softwaer.appspot.com/o?projection=noAcl&prefix=pdfs%2F&prettyPrint=false: The specified bucket does not exist.
2025-12-25 16:30:20,992 - ERROR - Error listing/downloading blobs for prefix bills/: 404 GET https://storage.googleapis.com/storage/v1/b/hype-retail-billing-softwaer.appspot.com/o?projection=noAcl&prefix=bills%2F&prettyPrint=false: The specified bucket does not exist.
2025-12-25 16:30:21,526 - ERROR - Error listing/downloading blobs for prefix stores/1/attachments/: 404 GET https://storage.googleapis.com/storage/v1/b/hype-retail-billing-softwaer.appspot.com/o?projection=noAcl&prefix=stores%2F1%2Fattachments%2F&prettyPrint=false: The specified bucket does not exist.
2025-12-25 16:30:21,526 - INFO - Downloaded 0 files from storage for store 1
2025-12-25 16:30:21,526 - INFO - Auto-restore completed: {'products': True, 'bills': False, 'customers': False, 'settings': True, 'gst_config': True, 'users': False, 'storage': False}
2025-12-25 16:30:42,212 - INFO - Auto-sync thread stopped
2025-12-25 16:30:42,213 - INFO - Firebase sync shutdown
2025-12-25 16:31:41,420 - INFO - Firebase initialized successfully
2025-12-25 16:31:41,420 - INFO - Auto-sync started with 300s interval
2025-12-25 16:31:41,421 - INFO - Auto-sync thread started
2025-12-25 16:31:41,422 - INFO - Starting automatic data restoration from Firebase...
2025-12-25 16:31:41,473 - INFO - Connectivity restored — running immediate full sync
2025-12-25 16:31:41,473 - INFO - Starting full sync...
2025-12-25 16:31:41,519 - INFO - Local DB appears empty — attempting auto-restore from Firebase before backup
2025-12-25 16:31:41,519 - INFO - Starting automatic data restoration from Firebase...
2025-12-25 16:31:42,617 - INFO - Restored products from Firebase
2025-12-25 16:31:42,621 - INFO - Restored 3 products to database
2025-12-25 16:31:42,635 - INFO - Restored products from Firebase
2025-12-25 16:31:42,641 - INFO - Restored 3 products to database
2025-12-25 16:31:42,751 - INFO - Restored bills from Firebase
2025-12-25 16:31:42,751 - INFO - No bills to restore
2025-12-25 16:31:42,855 - INFO - Restored bills from Firebase
2025-12-25 16:31:42,856 - INFO - No bills to restore
2025-12-25 16:31:42,877 - INFO - Restored customers from Firebase
2025-12-25 16:31:42,878 - INFO - No customers to restore
2025-12-25 16:31:42,958 - INFO - Restored customers from Firebase
2025-12-25 16:31:42,958 - INFO - No customers to restore
2025-12-25 16:31:43,090 - INFO - Restored 8 settings to database
2025-12-25 16:31:43,128 - INFO - Restored 8 settings to database
2025-12-25 16:31:43,215 - INFO - Restored 20 GST configurations to database
2025-12-25 16:31:43,306 - INFO - Restored 20 GST configurations to database
2025-12-25 16:31:43,327 - WARNING - Failed restoring user admin: NOT NULL constraint failed: users.password
2025-12-25 16:31:43,327 - INFO - Restored 0 users to database
2025-12-25 16:31:43,450 - WARNING - Failed restoring user admin: NOT NULL constraint failed: users.password
2025-12-25 16:31:43,450 - INFO - Restored 0 users to database
2025-12-25 16:31:45,525 - ERROR - Error listing/downloading blobs for prefix stores/1/: 404 GET https://storage.googleapis.com/storage/v1/b/hype-retail-billing-softwaer.appspot.com/o?projection=noAcl&prefix=stores%2F1%2F&prettyPrint=false: The specified bucket does not exist.
2025-12-25 16:31:45,611 - ERROR - Error listing/downloading blobs for prefix stores/1/: 404 GET https://storage.googleapis.com/storage/v1/b/hype-retail-billing-softwaer.appspot.com/o?projection=noAcl&prefix=stores%2F1%2F&prettyPrint=false: The specified bucket does not exist.
2025-12-25 16:31:46,141 - ERROR - Error listing/downloading blobs for prefix stores/1/pdfs/: 404 GET https://storage.googleapis.com/storage/v1/b/hype-retail-billing-softwaer.appspot.com/o?projection=noAcl&prefix=stores%2F1%2Fpdfs%2F&prettyPrint=false: The specified bucket does not exist.
2025-12-25 16:31:46,175 - ERROR - Error listing/downloading blobs for prefix stores/1/pdfs/: 404 GET https://storage.googleapis.com/storage/v1/b/hype-retail-billing-softwaer.appspot.com/o?projection=noAcl&prefix=stores%2F1%2Fpdfs%2F&prettyPrint=false: The specified bucket does not exist.
2025-12-25 16:31:46,684 - ERROR - Error listing/downloading blobs for prefix pdfs/: 404 GET https://storage.googleapis.com/storage/v1/b/hype-retail-billing-softwaer.appspot.com/o?projection=noAcl&prefix=pdfs%2F&prettyPrint=false: The specified bucket does not exist.
2025-12-25 16:31:46,805 - ERROR - Error listing/downloading blobs for prefix pdfs/: 404 GET https://storage.googleapis.com/storage/v1/b/hype-retail-billing-softwaer.appspot.com/o?projection=noAcl&prefix=pdfs%2F&prettyPrint=false: The specified bucket does not exist.
2025-12-25 16:31:47,322 - ERROR - Error listing/downloading blobs for prefix bills/: 404 GET https://storage.googleapis.com/storage/v1/b/hype-retail-billing-softwaer.appspot.com/o?projection=noAcl&prefix=bills%2F&prettyPrint=false: The specified bucket does not exist.
2025-12-25 16:31:47,387 - ERROR - Error listing/downloading blobs for prefix bills/: 404 GET https://storage.googleapis.com/storage/v1/b/hype-retail-billing-softwaer.appspot.com/o?projection=noAcl&prefix=bills%2F&prettyPrint=false: The specified bucket does not exist.
2025-12-25 16:31:47,841 - ERROR - Error listing/downloading blobs for prefix stores/1/attachments/: 404 GET https://storage.googleapis.com/storage/v1/b/hype-retail-billing-softwaer.appspot.com/o?projection=noAcl&prefix=stores%2F1%2Fattachments%2F&prettyPrint=false: The specified bucket does not exist.
2025-12-25 16:31:47,841 - INFO - Downloaded 0 files from storage for store 1
2025-12-25 16:31:47,841 - INFO - Auto-restore completed: {'products': True, 'bills': False, 'customers': False, 'settings': True, 'gst_config': True, 'users': False, 'storage': False}
2025-12-25 16:31:48,081 - ERROR - Error listing/downloading blobs for prefix stores/1/attachments/: 404 GET https://storage.googleapis.com/storage/v1/b/hype-retail-billing-softwaer.appspot.com/o?projection=noAcl&prefix=stores%2F1%2Fattachments%2F&prettyPrint=false: The specified bucket does not exist.
2025-12-25 16:31:48,081 - INFO - Downloaded 0 files from storage for store 1
2025-12-25 16:31:48,082 - INFO - Auto-restore completed: {'products': True, 'bills': False, 'customers': False, 'settings': True, 'gst_config': True, 'users': False, 'storage': False}
2025-12-25 16:31:48,082 - INFO - Pruned 0 local bills older than 2025-07-18T16:31:48.082043
2025-12-25 16:31:48,229 - INFO - Pruned 0 cloud bills older than 2025-08-27T16:31:48.082043
2025-12-25 16:31:48,230 - INFO - Prune results: {'local_deleted': 0, 'cloud_deleted': 0}
2025-12-25 16:31:48,356 - INFO - Backed up 3 products for store 1
2025-12-25 16:31:48,475 - INFO - Backed up 0 bills for store 1
2025-12-25 16:31:49,306 - INFO - Backed up 0 customers
2025-12-25 16:31:49,722 - INFO - Backed up 1 users
2025-12-25 16:31:50,078 - INFO - Backed up system settings and stores
2025-12-25 16:31:50,209 - INFO - Backed up 20 GST configurations
2025-12-25 16:31:50,209 - ERROR - Failed to sync operation 0 (backup_products on store_1/products): Unknown operation
2025-12-25 16:31:50,210 - INFO - Full sync completed. 0 queued operations synced.
2025-12-25 16:31:58,272 - INFO - Auto-sync thread stopped
2025-12-25 16:31:58,272 - INFO - Firebase sync shutdown
2025-12-25 16:34:38,201 - INFO - Firebase initialized successfully
2025-12-25 16:34:38,201 - INFO - Auto-sync started with 300s interval
2025-12-25 16:34:38,202 - INFO - Auto-sync thread started
2025-12-25 16:34:38,202 - INFO - Internet unavailable. Checking offline queue...
2025-12-25 16:34:38,204 - INFO - Offline queue has 2 pending operations
2025-12-25 16:34:38,204 - INFO - Starting automatic data restoration from Firebase...
2025-12-25 16:34:43,230 - INFO - Internet unavailable. Checking offline queue...
2025-12-25 16:34:43,230 - INFO - Offline queue has 2 pending operations
2025-12-25 16:34:48,248 - INFO - Internet unavailable. Checking offline queue...
2025-12-25 16:34:48,248 - INFO - Offline queue has 2 pending operations
2025-12-25 16:34:53,373 - INFO - Connectivity restored — running immediate full sync
2025-12-25 16:34:53,373 - INFO - Starting full sync...
2025-12-25 16:34:53,429 - INFO - Local DB appears empty — attempting auto-restore from Firebase before backup
2025-12-25 16:34:53,429 - INFO - Starting automatic data restoration from Firebase...
2025-12-25 16:35:15,448 - INFO - Restored products from Firebase
2025-12-25 16:35:15,454 - INFO - Restored 3 products to database
2025-12-25 16:35:15,620 - INFO - Restored bills from Firebase
2025-12-25 16:35:15,621 - INFO - No bills to restore
2025-12-25 16:35:15,735 - INFO - Restored customers from Firebase
2025-12-25 16:35:15,735 - INFO - No customers to restore
2025-12-25 16:35:16,016 - INFO - Restored 8 settings to database
2025-12-25 16:35:16,333 - INFO - Restored products from Firebase
2025-12-25 16:35:16,335 - INFO - Restored 20 GST configurations to database
2025-12-25 16:35:16,689 - INFO - Restored 3 products to database
2025-12-25 16:35:16,700 - WARNING - Failed restoring user admin: NOT NULL constraint failed: users.password
2025-12-25 16:35:16,701 - INFO - Restored 0 users to database
2025-12-25 16:35:16,850 - INFO - Restored bills from Firebase
2025-12-25 16:35:16,850 - INFO - No bills to restore
2025-12-25 16:35:16,981 - INFO - Restored customers from Firebase
2025-12-25 16:35:16,981 - INFO - No customers to restore
2025-12-25 16:35:17,087 - INFO - Restored 8 settings to database
2025-12-25 16:35:17,319 - INFO - Restored 20 GST configurations to database
2025-12-25 16:35:17,640 - WARNING - Failed restoring user admin: NOT NULL constraint failed: users.password
2025-12-25 16:35:17,640 - INFO - Restored 0 users to database
2025-12-25 16:35:21,340 - ERROR - Error listing/downloading blobs for prefix stores/1/: 404 GET https://storage.googleapis.com/storage/v1/b/hype-retail-billing-softwaer.appspot.com/o?projection=noAcl&prefix=stores%2F1%2F&prettyPrint=false: The specified bucket does not exist.
2025-12-25 16:35:21,341 - ERROR - Error listing/downloading blobs for prefix stores/1/: 404 GET https://storage.googleapis.com/storage/v1/b/hype-retail-billing-softwaer.appspot.com/o?projection=noAcl&prefix=stores%2F1%2F&prettyPrint=false: The specified bucket does not exist.
2025-12-25 16:35:24,107 - ERROR - Error listing/downloading blobs for prefix stores/1/pdfs/: 404 GET https://storage.googleapis.com/storage/v1/b/hype-retail-billing-softwaer.appspot.com/o?projection=noAcl&prefix=stores%2F1%2Fpdfs%2F&prettyPrint=false: The specified bucket does not exist.
2025-12-25 16:35:25,550 - ERROR - Error listing/downloading blobs for prefix stores/1/pdfs/: 404 GET https://storage.googleapis.com/storage/v1/b/hype-retail-billing-softwaer.appspot.com/o?projection=noAcl&prefix=stores%2F1%2Fpdfs%2F&prettyPrint=false: The specified bucket does not exist.
2025-12-25 16:35:27,130 - ERROR - Error listing/downloading blobs for prefix pdfs/: 404 GET https://storage.googleapis.com/storage/v1/b/hype-retail-billing-softwaer.appspot.com/o?projection=noAcl&prefix=pdfs%2F&prettyPrint=false: The specified bucket does not exist.
2025-12-25 16:35:27,229 - ERROR - Error listing/downloading blobs for prefix pdfs/: 404 GET https://storage.googleapis.com/storage/v1/b/hype-retail-billing-softwaer.appspot.com/o?projection=noAcl&prefix=pdfs%2F&prettyPrint=false: The specified bucket does not exist.
2025-12-25 16:35:28,106 - ERROR - Error listing/downloading blobs for prefix bills/: 404 GET https://storage.googleapis.com/storage/v1/b/hype-retail-billing-softwaer.appspot.com/o?projection=noAcl&prefix=bills%2F&prettyPrint=false: The specified bucket does not exist.
2025-12-25 16:35:28,651 - ERROR - Error listing/downloading blobs for prefix bills/: 404 GET https://storage.googleapis.com/storage/v1/b/hype-retail-billing-softwaer.appspot.com/o?projection=noAcl&prefix=bills%2F&prettyPrint=false: The specified bucket does not exist.
2025-12-25 16:35:29,106 - ERROR - Error listing/downloading blobs for prefix stores/1/attachments/: 404 GET https://storage.googleapis.com/storage/v1/b/hype-retail-billing-softwaer.appspot.com/o?projection=noAcl&prefix=stores%2F1%2Fattachments%2F&prettyPrint=false: The specified bucket does not exist.
2025-12-25 16:35:29,106 - INFO - Downloaded 0 files from storage for store 1
2025-12-25 16:35:29,106 - INFO - Auto-restore completed: {'products': True, 'bills': False, 'customers': False, 'settings': True, 'gst_config': True, 'users': False, 'storage': False}
2025-12-25 16:35:29,292 - ERROR - Error listing/downloading blobs for prefix stores/1/attachments/: 404 GET https://storage.googleapis.com/storage/v1/b/hype-retail-billing-softwaer.appspot.com/o?projection=noAcl&prefix=stores%2F1%2Fattachments%2F&prettyPrint=false: The specified bucket does not exist.
2025-12-25 16:35:29,292 - INFO - Downloaded 0 files from storage for store 1
2025-12-25 16:35:29,292 - INFO - Auto-restore completed: {'products': True, 'bills': False, 'customers': False, 'settings': True, 'gst_config': True, 'users': False, 'storage': False}
2025-12-25 16:35:29,293 - INFO - Pruned 0 local bills older than 2025-07-18T16:35:29.292478
2025-12-25 16:35:29,566 - INFO - Pruned 0 cloud bills older than 2025-08-27T16:35:29.292478
2025-12-25 16:35:29,566 - INFO - Prune results: {'local_deleted': 0, 'cloud_deleted': 0}
2025-12-25 16:35:29,861 - INFO - Backed up 3 products for store 1
2025-12-25 16:35:30,093 - INFO - Backed up 0 bills for store 1
2025-12-25 16:35:30,258 - INFO - Backed up 0 customers
2025-12-25 16:35:30,510 - INFO - Backed up 1 users
2025-12-25 16:35:30,770 - INFO - Backed up system settings and stores
2025-12-25 16:35:31,129 - INFO - Backed up 20 GST configurations
2025-12-25 16:35:31,129 - ERROR - Failed to sync operation 0 (backup_products on store_1/products): Unknown operation
2025-12-25 16:35:31,130 - INFO - Full sync completed. 0 queued operations synced.
2025-12-25 16:36:28,485 - INFO - Auto-sync thread stopped
2025-12-25 16:36:28,485 - INFO - Firebase sync shutdown
2025-12-25 16:54:07,211 - INFO - \u2713 Firebase initialized successfully (first time)
2025-12-25 16:54:07,212 - INFO - Connectivity monitor started (checking every 10s)
2025-12-25 16:54:07,212 - INFO - Connectivity monitor thread started
2025-12-25 16:54:07,213 - INFO - Auto-sync started with 300s interval
2025-12-25 16:54:07,213 - INFO - Auto-sync worker thread started
2025-12-25 16:54:07,227 - INFO - Starting automatic data restoration from Firebase...
2025-12-25 16:54:07,259 - INFO - \U0001f310 CONNECTIVITY RESTORED – Waking sync thread immediately
2025-12-25 16:54:07,259 - INFO - \u26a1 Performing immediate sync due to connectivity restoration
2025-12-25 16:54:07,259 - INFO - Starting full sync...
2025-12-25 16:54:07,305 - INFO - Pruned 0 local bills older than 2025-07-18T16:54:07.304543
2025-12-25 16:54:08,401 - INFO - Restored products from Firebase
2025-12-25 16:54:08,408 - INFO - Restored 3 products to database
2025-12-25 16:54:08,500 - INFO - Pruned 0 cloud bills older than 2025-08-27T16:54:07.304543
2025-12-25 16:54:08,500 - INFO - Prune results: {'local_deleted': 0, 'cloud_deleted': 0}
2025-12-25 16:54:08,537 - INFO - Restored bills from Firebase
2025-12-25 16:54:08,537 - INFO - No bills to restore
2025-12-25 16:54:08,645 - INFO - Backed up 3 products for store 1
2025-12-25 16:54:08,711 - INFO - Restored customers from Firebase
2025-12-25 16:54:08,711 - INFO - No customers to restore
2025-12-25 16:54:08,804 - INFO - Backed up 0 bills for store 1
2025-12-25 16:54:08,846 - INFO - Restored 8 settings to database
2025-12-25 16:54:08,923 - INFO - Backed up 0 customers
2025-12-25 16:54:08,964 - INFO - Restored 20 GST configurations to database
2025-12-25 16:54:09,053 - INFO - Backed up 1 users
2025-12-25 16:54:09,082 - WARNING - Failed restoring user admin: NOT NULL constraint failed: users.password
2025-12-25 16:54:09,082 - INFO - Restored 0 users to database
2025-12-25 16:54:09,176 - INFO - Backed up system settings and stores
2025-12-25 16:54:09,322 - INFO - Backed up 20 GST configurations
2025-12-25 16:54:09,322 - INFO - Deduplicated offline queue: 2 \u2192 1 operations
2025-12-25 16:54:09,322 - ERROR - Failed to sync operation 0 (backup_products on store_1/products): Unknown operation
2025-12-25 16:54:09,323 - INFO - Full sync completed. 0 queued operations synced.
2025-12-25 16:54:11,303 - ERROR - Error listing/downloading blobs for prefix stores/1/: 404 GET https://storage.googleapis.com/storage/v1/b/hype-retail-billing-softwaer.appspot.com/o?projection=noAcl&prefix=stores%2F1%2F&prettyPrint=false: The specified bucket does not exist.
2025-12-25 16:54:11,939 - ERROR - Error listing/downloading blobs for prefix stores/1/pdfs/: 404 GET https://storage.googleapis.com/storage/v1/b/hype-retail-billing-softwaer.appspot.com/o?projection=noAcl&prefix=stores%2F1%2Fpdfs%2F&prettyPrint=false: The specified bucket does not exist.
2025-12-25 16:54:12,703 - ERROR - Error listing/downloading blobs for prefix pdfs/: 404 GET https://storage.googleapis.com/storage/v1/b/hype-retail-billing-softwaer.appspot.com/o?projection=noAcl&prefix=pdfs%2F&prettyPrint=false: The specified bucket does not exist.
2025-12-25 16:54:13,375 - ERROR - Error listing/downloading blobs for prefix bills/: 404 GET https://storage.googleapis.com/storage/v1/b/hype-retail-billing-softwaer.appspot.com/o?projection=noAcl&prefix=bills%2F&prettyPrint=false: The specified bucket does not exist.
2025-12-25 16:54:13,899 - ERROR - Error listing/downloading blobs for prefix stores/1/attachments/: 404 GET https://storage.googleapis.com/storage/v1/b/hype-retail-billing-softwaer.appspot.com/o?projection=noAcl&prefix=stores%2F1%2Fattachments%2F&prettyPrint=false: The specified bucket does not exist.
2025-12-25 16:54:13,899 - INFO - Downloaded 0 files from storage for store 1
2025-12-25 16:54:13,899 - INFO - Auto-restore completed: {'products': True, 'bills': False, 'customers': False, 'settings': True, 'gst_config': True, 'users': False, 'storage': False}
2025-12-25 16:57:32,282 - INFO - Backed up 3 products for store 1
2025-12-25 16:57:32,414 - INFO - Backed up 1 bills for store 1
2025-12-25 16:57:51,567 - INFO - Backed up 3 products for store 1
2025-12-25 16:57:51,694 - INFO - Backed up 2 bills for store 1
2025-12-25 16:58:07,318 - INFO - Auto-sync and connectivity monitor threads stopped
2025-12-25 16:58:07,319 - INFO - Firebase sync shutdown
2025-12-25 17:11:42,748 - INFO - \u2713 Firebase initialized successfully (first time)
2025-12-25 17:11:42,749 - INFO - Connectivity monitor started (checking every 10s)
2025-12-25 17:11:42,749 - INFO - Connectivity monitor thread started
2025-12-25 17:11:42,750 - INFO - Auto-sync started with 300s interval
2025-12-25 17:11:42,750 - INFO - Auto-sync worker thread started
2025-12-25 17:11:42,751 - WARNING - \u26a0\ufe0f  PENDING OPERATIONS DETECTED: 1 total
2025-12-25 17:11:42,751 - WARNING -    • backup_products:store_1: 1 operation(s)
2025-12-25 17:11:42,751 - INFO - Starting automatic data restoration from Firebase...
2025-12-25 17:11:42,792 - INFO - \U0001f310 CONNECTIVITY RESTORED – Waking sync thread immediately
2025-12-25 17:11:42,793 - INFO - \u26a1 Performing immediate sync due to connectivity restoration
2025-12-25 17:11:42,793 - INFO - Starting full sync...
2025-12-25 17:11:42,849 - INFO - Pruned 0 local bills older than 2025-07-18T17:11:42.848772
2025-12-25 17:11:44,023 - INFO - Restored products from Firebase
2025-12-25 17:11:44,029 - INFO - Restored 3 products to database
2025-12-25 17:11:44,038 - INFO - Pruned 0 cloud bills older than 2025-08-27T17:11:42.848772
2025-12-25 17:11:44,038 - INFO - Prune results: {'local_deleted': 0, 'cloud_deleted': 0}
2025-12-25 17:11:44,164 - INFO - Restored bills from Firebase
2025-12-25 17:11:44,165 - INFO - Bills table columns: {'bill_date', 'total_amount', 'bill_number', 'discount', 'customer_id', 'payment_method', 'bill_content', 'bill_id', 'store_id', 'tax_amount'}
2025-12-25 17:11:44,165 - INFO - Restored 0 bills with items to database
2025-12-25 17:11:44,288 - INFO - Backed up 3 products for store 1
2025-12-25 17:11:44,323 - INFO - Restored customers from Firebase
2025-12-25 17:11:44,323 - INFO - No customers to restore
2025-12-25 17:11:44,444 - INFO - Backed up 2 bills for store 1
2025-12-25 17:11:44,536 - INFO - Restored 8 settings to database
2025-12-25 17:11:44,581 - INFO - Backed up 1 customers
2025-12-25 17:11:44,684 - INFO - Restored 20 GST configurations to database
2025-12-25 17:11:44,793 - INFO - Backed up 1 users
2025-12-25 17:11:44,821 - WARNING - Failed restoring user admin: NOT NULL constraint failed: users.password
2025-12-25 17:11:44,821 - INFO - Restored 0 users to database
2025-12-25 17:11:44,921 - INFO - Backed up system settings and stores
2025-12-25 17:11:45,047 - INFO - Backed up 20 GST configurations
2025-12-25 17:11:45,048 - ERROR - Failed to sync operation 0 (backup_products on store_1/products): Unknown operation
2025-12-25 17:11:45,049 - INFO - Full sync completed. 0 queued operations synced.
2025-12-25 17:11:46,727 - ERROR - Error listing/downloading blobs for prefix stores/1/: 404 GET https://storage.googleapis.com/storage/v1/b/hype-retail-billing-softwaer.appspot.com/o?projection=noAcl&prefix=stores%2F1%2F&prettyPrint=false: The specified bucket does not exist.
2025-12-25 17:11:47,296 - ERROR - Error listing/downloading blobs for prefix stores/1/pdfs/: 404 GET https://storage.googleapis.com/storage/v1/b/hype-retail-billing-softwaer.appspot.com/o?projection=noAcl&prefix=stores%2F1%2Fpdfs%2F&prettyPrint=false: The specified bucket does not exist.
2025-12-25 17:11:47,970 - ERROR - Error listing/downloading blobs for prefix pdfs/: 404 GET https://storage.googleapis.com/storage/v1/b/hype-retail-billing-softwaer.appspot.com/o?projection=noAcl&prefix=pdfs%2F&prettyPrint=false: The specified bucket does not exist.
2025-12-25 17:11:48,639 - ERROR - Error listing/downloading blobs for prefix bills/: 404 GET https://storage.googleapis.com/storage/v1/b/hype-retail-billing-softwaer.appspot.com/o?projection=noAcl&prefix=bills%2F&prettyPrint=false: The specified bucket does not exist.
2025-12-25 17:11:49,240 - ERROR - Error listing/downloading blobs for prefix stores/1/attachments/: 404 GET https://storage.googleapis.com/storage/v1/b/hype-retail-billing-softwaer.appspot.com/o?projection=noAcl&prefix=stores%2F1%2Fattachments%2F&prettyPrint=false: The specified bucket does not exist.
2025-12-25 17:11:49,241 - INFO - Downloaded 0 files from storage for store 1
2025-12-25 17:11:49,241 - INFO - Auto-restore completed: {'products': True, 'bills': False, 'customers': False, 'settings': True, 'gst_config': True, 'users': False, 'storage': False}
2025-12-25 17:14:33,856 - INFO - Auto-sync and connectivity monitor threads stopped
2025-12-25 17:14:33,856 - INFO - Firebase sync shutdown
2025-12-25 17:51:17,320 - INFO - \u2713 Firebase initialized successfully (first time)
2025-12-25 17:51:17,321 - INFO - Connectivity monitor started (checking every 10s)
2025-12-25 17:51:17,321 - INFO - Connectivity monitor thread started
2025-12-25 17:51:17,322 - INFO - Auto-sync started with 300s interval
2025-12-25 17:51:17,322 - INFO - Auto-sync worker thread started
2025-12-25 17:51:17,323 - INFO - \u2713 No pending operations
2025-12-25 17:51:17,323 - INFO - Starting automatic data restoration from Firebase...
2025-12-25 17:51:17,360 - INFO - \U0001f310 CONNECTIVITY RESTORED – Waking sync thread immediately
2025-12-25 17:51:17,361 - INFO - \u26a1 Performing immediate sync due to connectivity restoration
2025-12-25 17:51:17,361 - INFO - Starting full sync...
2025-12-25 17:51:17,420 - INFO - Pruned 0 local bills older than 2025-07-18T17:51:17.419739
2025-12-25 17:51:18,501 - INFO - Pruned 0 cloud bills older than 2025-08-27T17:51:17.419739
2025-12-25 17:51:18,501 - INFO - Prune results: {'local_deleted': 0, 'cloud_deleted': 0}
2025-12-25 17:51:18,592 - INFO - Restored products from Firebase
2025-12-25 17:51:18,598 - INFO - Restored 3 products to database
2025-12-25 17:51:18,662 - INFO - Backed up 3 products for store 1
2025-12-25 17:51:18,742 - INFO - Restored bills from Firebase
2025-12-25 17:51:18,743 - INFO - Bills table columns: {'tax_amount', 'bill_date', 'bill_number', 'bill_id', 'customer_id', 'bill_content', 'discount', 'payment_method', 'total_amount', 'store_id'}
2025-12-25 17:51:18,743 - INFO - Restored 0 bills with items to database
2025-12-25 17:51:18,864 - INFO - Backed up 2 bills for store 1
2025-12-25 17:51:18,915 - INFO - Restored customers from Firebase
2025-12-25 17:51:18,916 - INFO - Customers table columns: {'phone', 'name', 'created_at', 'email', 'customer_id', 'address', 'gstin'}
2025-12-25 17:51:18,916 - INFO - Restored 0 customers to database
2025-12-25 17:51:18,987 - INFO - Backed up 1 customers
2025-12-25 17:51:19,123 - INFO - Restored 8 settings to database
2025-12-25 17:51:19,150 - INFO - Backed up 1 users
2025-12-25 17:51:19,277 - INFO - Restored 20 GST configurations to database
2025-12-25 17:51:19,368 - INFO - Backed up system settings and stores
2025-12-25 17:51:19,392 - WARNING - Failed restoring user admin: NOT NULL constraint failed: users.password
2025-12-25 17:51:19,393 - INFO - Restored 0 users to database
2025-12-25 17:51:19,439 - WARNING - Could not read credentials for storage bucket detection: [Errno 2] No such file or directory: 'C:\\Users\\MANOJK~1\\AppData\\Local\\Temp\\tmpun8dcy31.json'
2025-12-25 17:51:19,439 - ERROR - Failed to initialize storage client: [Errno 2] No such file or directory: 'C:\\Users\\MANOJK~1\\AppData\\Local\\Temp\\tmpun8dcy31.json'
2025-12-25 17:51:19,439 - INFO - Storage client or bucket not available - skipping storage downloads
2025-12-25 17:51:19,439 - INFO - Auto-restore completed: {'products': True, 'bills': False, 'customers': False, 'settings': True, 'gst_config': True, 'users': False, 'storage': False}
2025-12-25 17:51:19,539 - INFO - Backed up 20 GST configurations
2025-12-25 17:51:19,539 - INFO - Full sync completed. 0 queued operations synced.
2025-12-25 17:52:50,261 - INFO - Backed up 3 products for store 1
2025-12-25 17:52:50,421 - INFO - Backed up 3 bills for store 1
2025-12-25 17:52:53,069 - INFO - Backed up 3 products for store 1
2025-12-25 17:52:53,210 - INFO - Backed up 4 bills for store 1
2025-12-25 17:56:19,536 - INFO - Starting full sync...
2025-12-25 17:56:19,584 - INFO - Pruned 0 local bills older than 2025-07-18T17:56:19.583836
2025-12-25 17:56:19,738 - INFO - Pruned 0 cloud bills older than 2025-08-27T17:56:19.583836
2025-12-25 17:56:19,738 - INFO - Prune results: {'local_deleted': 0, 'cloud_deleted': 0}
2025-12-25 17:56:19,879 - INFO - Backed up 3 products for store 1
2025-12-25 17:56:20,016 - INFO - Backed up 4 bills for store 1
2025-12-25 17:56:20,135 - INFO - Backed up 1 customers
2025-12-25 17:56:20,255 - INFO - Backed up 1 users
2025-12-25 17:56:20,377 - INFO - Backed up system settings and stores
2025-12-25 17:56:20,498 - INFO - Backed up 20 GST configurations
2025-12-25 17:56:20,498 - INFO - Full sync completed. 0 queued operations synced.
2025-12-25 17:58:20,824 - INFO - Auto-sync and connectivity monitor threads stopped
2025-12-25 17:58:20,824 - INFO - Firebase sync shutdown
2025-12-25 18:15:23,624 - INFO - \u2713 Firebase initialized successfully (first time)
2025-12-25 18:15:23,625 - INFO - Connectivity monitor started (checking every 10s)
2025-12-25 18:15:23,625 - INFO - Connectivity monitor thread started
2025-12-25 18:15:23,626 - INFO - Auto-sync started with 300s interval
2025-12-25 18:15:23,626 - INFO - Auto-sync worker thread started
2025-12-25 18:15:23,627 - WARNING - \u26a0\ufe0f  PENDING OPERATIONS DETECTED: 1 total
2025-12-25 18:15:23,627 - WARNING -    • backup_gst_config:system: 1 operation(s)
2025-12-25 18:15:23,627 - INFO - Starting automatic data restoration from Firebase...
2025-12-25 18:15:23,710 - INFO - \U0001f310 CONNECTIVITY RESTORED – Waking sync thread immediately
2025-12-25 18:15:23,710 - INFO - \u26a1 Performing immediate sync due to connectivity restoration
2025-12-25 18:15:23,710 - INFO - Starting full sync...
2025-12-25 18:15:23,803 - INFO - Pruned 0 local bills older than 2025-07-18T18:15:23.802948
2025-12-25 18:15:25,037 - INFO - Restored products from Firebase
2025-12-25 18:15:25,037 - INFO - Pruned 0 cloud bills older than 2025-08-27T18:15:23.802948
2025-12-25 18:15:25,037 - INFO - Prune results: {'local_deleted': 0, 'cloud_deleted': 0}
2025-12-25 18:15:25,043 - INFO - Restored 3 products to database
2025-12-25 18:15:25,200 - INFO - Restored bills from Firebase
2025-12-25 18:15:25,202 - INFO - Bills table columns: {'total_amount', 'bill_number', 'payment_method', 'bill_date', 'tax_amount', 'bill_content', 'bill_id', 'store_id', 'discount', 'customer_id'}
2025-12-25 18:15:25,203 - INFO - Restored 0 bills with items to database
2025-12-25 18:15:25,306 - INFO - Backed up 3 products for store 1
2025-12-25 18:15:25,371 - INFO - Restored customers from Firebase
2025-12-25 18:15:25,371 - INFO - No customers to restore
2025-12-25 18:15:25,527 - INFO - Backed up 4 bills for store 1
2025-12-25 18:15:25,565 - INFO - Restored 8 settings to database
2025-12-25 18:15:25,962 - INFO - Backed up 1 customers
2025-12-25 18:15:25,963 - INFO - Restored 20 GST configurations to database
2025-12-25 18:15:26,146 - WARNING - Failed restoring user admin: NOT NULL constraint failed: users.password
2025-12-25 18:15:26,146 - INFO - Restored 0 users to database
2025-12-25 18:15:26,186 - WARNING - Could not read credentials for storage bucket detection: [Errno 2] No such file or directory: 'C:\\Users\\MANOJK~1\\AppData\\Local\\Temp\\tmpb8d7h9yq.json'
2025-12-25 18:15:26,187 - ERROR - Failed to initialize storage client: [Errno 2] No such file or directory: 'C:\\Users\\MANOJK~1\\AppData\\Local\\Temp\\tmpb8d7h9yq.json'
2025-12-25 18:15:26,187 - INFO - Storage client or bucket not available - skipping storage downloads
2025-12-25 18:15:26,187 - INFO - Auto-restore completed: {'products': True, 'bills': False, 'customers': False, 'settings': True, 'gst_config': True, 'users': False, 'storage': False}
2025-12-25 18:15:26,245 - INFO - Backed up 1 users
2025-12-25 18:15:26,478 - INFO - Backed up system settings and stores
2025-12-25 18:15:26,678 - INFO - Backed up 20 GST configurations
2025-12-25 18:15:26,678 - ERROR - Failed to sync operation 0 (backup_gst_config on system/gst_config): Unknown operation type: backup_gst_config
2025-12-25 18:15:26,679 - WARNING - \u26a0\ufe0f 1 operation(s) failed during sync - will retry later
2025-12-25 18:15:26,679 - INFO - Full sync completed. 0 queued operations synced.
2025-12-25 18:16:33,855 - INFO - Auto-sync and connectivity monitor threads stopped
2025-12-25 18:16:33,856 - INFO - Firebase sync shutdown
